filename,0,1,2,3,4,5,6,7,8,9,10,11,12,13,14,15,16,17,18,19,20,21,22,23,24,25,26,27,28,29,30,31,32,33,34,35,36,37,38,39,40,41,42,43,44,45,46,47,48,49,50,51,52,53,54,55,56,57,58,59,60,61,62,63,64,65,66,67,68,69,70,71,72,73,74,75,76,77,78,79,80,81,82,83,84,85,86,87,88,89,90,91,92,93,94,95,96,97,98,99,100,101,102,103,104,105,106,107,108,109,110,111,112,113,114,115,116,117,118,119,120,121,122,123,124,125,126,127
Person14,0.03221379,0.02022001,0.048545208,0.0028792277,0.0017476956,0.010456468,0.0025807526,0.009127571,0.00090971816,0.080496386,0.068088554,0.13624798,0.017857438,0.032965567,0.004865997,0.03593543,0.10461512,0.001210476,0.0005165704,0.07748144,0.0017583168,0.12136652,0.0026194488,0.019903298,0.100823104,0.109446034,0.013653953,0.017545702,0.007063913,0.09782888,0.036762834,0.021532856,0.016917236,0.020005453,0.043286517,0.012135015,0.047308873,0.13185191,0.02385695,0.016354917,0.06139374,0.0086235255,0.006713136,0.02054859,0.123788126,0.028282162,0.03927209,0.05196544,0.045672677,0.0,0.033023693,0.03732729,0.04155085,0.031394396,0.008022463,0.039679352,0.04724289,0.03255503,0.0005909765,0.03963744,0.003636272,0.022163926,0.009184177,0.056558292,0.023473134,0.0003526926,0.008686194,0.067486554,0.027159179,0.037669268,0.06483215,0.05313316,0.063824505,0.090576,0.020025058,0.0037738362,0.015462967,0.06978945,0.05037062,0.01384517,0.0355149,0.086088054,0.07373109,0.037764,0.0054535037,0.0077008996,0.006776205,0.044544954,0.042111628,0.0020171271,0.044737373,0.061622538,0.058260173,0.0131374225,0.09284715,0.00019441448,0.009369311,0.050299846,0.0062157144,0.019802434,0.009536907,0.016996706,0.054665606,0.0060691815,0.05667855,0.075438894,0.018510511,0.009807496,0.028724583,0.0209301,0.050459888,0.11215492,0.078570835,0.0040888567,0.114391945,0.014810732,0.072228335,0.00748027,0.01092233,0.04784462,0.08533154,0.029061945,0.10929131,0.016019892,0.051405013,0.0010470739,0.029598119,0.034286536
Person21,0.028559359,0.01995539,0.049784627,0.0063310927,0.002821422,0.01041214,0.0030859136,0.007277633,0.0016710825,0.06283327,0.07321339,0.15812385,0.016370473,0.039672397,0.0018963919,0.018525515,0.119960964,0.0026704501,0.00092904706,0.08099908,0.0029065243,0.14798647,0.002171194,0.01769453,0.08855108,0.10780413,0.010379016,0.01827863,0.0074181166,0.10961829,0.04221001,0.019788222,0.015223513,0.019632276,0.046846803,0.021705268,0.039335072,0.14520086,0.020793108,0.018489068,0.04705302,0.00165814,0.0070540872,0.025663123,0.1279077,0.023847263,0.04078322,0.046013582,0.04674962,0.0,0.031707928,0.04112768,0.037093602,0.027733872,0.010032422,0.048987962,0.04766013,0.035871677,0.0012633621,0.048223976,0.0053346776,0.01879824,0.008840639,0.054504372,0.020446738,0.00063221663,0.011058223,0.08358898,0.026210237,0.03928461,0.077371985,0.045904644,0.06237769,0.104100525,0.024566786,0.005452941,0.016597006,0.07356544,0.05143681,0.017166598,0.027270127,0.09877854,0.061128832,0.023551516,0.006582358,0.009150375,0.009344179,0.041731734,0.03532417,0.0056875176,0.049118552,0.06414492,0.05214569,0.01215077,0.10620093,0.0005238005,0.0113948705,0.051097285,0.016172558,0.018093027,0.00846643,0.01827479,0.044576887,0.007431831,0.06318666,0.09574061,0.026584975,0.0074009197,0.026123779,0.017367736,0.053686086,0.10582827,0.0816732,0.0059604268,0.10965827,0.022062646,0.071608655,0.008112655,0.011620595,0.049158372,0.090184845,0.017832385,0.111137286,0.013311935,0.045069203,0.0007698127,0.026740016,0.029354889
Person39,0.050372493,0.043504596,0.0697473,0.01915447,0.0036888258,0.02824783,0.007574276,0.025722932,0.0029938377,0.055087864,0.056682177,0.1290448,0.038729206,0.040363397,0.0018689433,0.011023707,0.08795546,0.011501949,0.002547369,0.07199522,0.008083439,0.10398292,0.011121629,0.026949175,0.10872303,0.11622218,0.01587996,0.039211266,0.01708234,0.08583969,0.05405443,0.037610304,0.023339912,0.030076735,0.044928715,0.037385896,0.06930669,0.121345125,0.034704413,0.01363681,0.06120236,0.0014133768,0.03133458,0.029202497,0.11887415,0.015504554,0.038209237,0.06277578,0.059322964,0.008006754,0.055769894,0.056101266,0.05865466,0.031181788,0.031673424,0.04716233,0.0544756,0.055013433,0.0019456121,0.035412557,0.018387264,0.032684732,0.025631962,0.07015727,0.042442843,0.0041039833,0.010269696,0.0744199,0.0571216,0.07582369,0.05101732,0.058640394,0.06170563,0.097969525,0.031187031,0.02856488,0.044270776,0.07243232,0.04857884,0.022170117,0.014487168,0.078141145,0.08529244,0.031373244,0.011028106,0.011941919,0.024462054,0.07476469,0.04218273,0.019411096,0.06487443,0.062411238,0.050309353,0.025738372,0.09175412,0.0005220545,0.0147247715,0.04599231,0.018886138,0.02692249,0.008829299,0.04200863,0.075410955,0.01729837,0.057575654,0.07894189,0.031042853,0.008829844,0.040000606,0.026123632,0.049920246,0.15310507,0.0727797,0.0071194046,0.12514772,0.029917667,0.07722489,0.017606474,0.009053565,0.077508554,0.08070189,0.021149999,0.12394208,0.02014041,0.07007849,0.00093731366,0.0531757,0.03673856
Person57,0.14977059,0.06198174,0.07448965,0.014384182,5.4315464e-05,0.04906307,0.02415663,0.11470441,0.002996776,0.24609509,0.015788618,0.09041516,0.17365803,0.04019437,0.0120863905,0.10949902,0.047700267,0.029340247,0.005064592,0.06534577,0.0035416957,0.048490196,0.00042321577,0.0706631,0.23212251,0.07554974,0.095494956,0.088623196,0.012214203,0.022200134,0.03799848,0.0732527,0.050350126,0.11574791,0.011996452,0.11111906,0.17213303,0.014363702,0.04635415,0.0028706004,0.14359812,0.015944142,0.0908452,0.04265443,0.1349923,0.10362943,0.0333785,0.1570966,0.08863029,0.018569117,0.09881989,0.07749009,0.12712768,0.056011222,0.05519293,0.1091521,0.059706654,0.0862353,0.0013037322,0.032478802,0.05628917,0.09175335,0.0472127,0.08123121,0.1353961,2.5209989e-05,0.042928375,0.040454578,0.13144022,0.1836782,0.012384172,0.11108745,0.07719642,0.068948135,0.036171515,0.08549874,0.12334676,0.06486796,0.0403941,0.037799016,0.1087531,0.034086954,0.13548842,0.10793103,0.007600745,0.025185853,0.025142431,0.08111531,0.16097839,0.023660714,0.08651221,0.03818388,0.14145744,0.05986687,0.037152804,0.0,0.021180611,0.036476724,0.074842066,0.03426985,0.058477353,0.09689902,0.27077985,0.027300958,0.042954266,0.021498162,0.0755449,0.05992104,0.15850216,0.1364469,0.035041966,0.18201831,0.062118668,0.009060367,0.14524913,0.033362493,0.10879318,0.028766677,0.0019246659,0.045002356,0.035887357,0.09019004,0.1507557,0.056754716,0.14633398,0.0024479136,0.13520935,0.185053
Person62,0.06807074,0.08341586,0.09676248,0.023198385,0.0040687365,0.06321256,0.02792022,0.06033365,0.0068770167,0.059638083,0.038420685,0.14493585,0.06624164,0.067795634,0.009494287,0.004726178,0.074337065,0.054167088,0.011443691,0.06859926,0.008244699,0.105582744,0.0083790645,0.039960504,0.17259233,0.095162615,0.031512234,0.07275502,0.030536955,0.0620278,0.08418658,0.06755976,0.06859361,0.06719222,0.051097944,0.063930295,0.10002645,0.082231924,0.06452875,0.009535046,0.06502971,0.004300429,0.068473466,0.07498944,0.11672035,0.036635898,0.052741263,0.08092249,0.081813045,0.0293219,0.085746594,0.097275935,0.10099107,0.03780345,0.075421184,0.06644489,0.07926841,0.08927832,0.0030034387,0.059762225,0.042994868,0.05998503,0.06862756,0.08323346,0.09805165,0.013251879,0.03141503,0.060470425,0.11835644,0.1257141,0.04462615,0.056275226,0.05373021,0.09589826,0.06859039,0.11746406,0.10552192,0.101788,0.047704164,0.031221723,0.026560437,0.06983064,0.075997144,0.036011852,0.022375736,0.035823133,0.056366123,0.0908941,0.07459473,0.058567867,0.113547,0.11469584,0.07942511,0.048279475,0.09776332,0.0008691927,0.04605218,0.063755415,0.08108996,0.030422742,0.027553793,0.078422055,0.109512486,0.05280402,0.085576944,0.07724773,0.079142176,0.021388745,0.0690726,0.065140985,0.06224844,0.1888011,0.089966275,0.027463924,0.13301425,0.07902447,0.110437155,0.039345723,0.006187566,0.09500185,0.05862777,0.0032870667,0.15045165,0.025002008,0.090989456,0.004251494,0.104978554,0.072261244
Person48,0.07790173,0.07124685,0.08931127,0.009329866,0.0029115449,0.07785831,0.0457456,0.08063754,0.0082592685,0.090239435,0.028545206,0.14035088,0.08717304,0.08219439,0.018145878,0.006374099,0.06463541,0.07142882,0.01606353,0.06339688,0.00651643,0.09164305,0.0069581266,0.03711416,0.23577972,0.059553813,0.050952345,0.09240738,0.03953047,0.04296624,0.09420663,0.07933725,0.104108155,0.09185761,0.040750504,0.038388964,0.10843972,0.036197126,0.073835626,0.010715047,0.059257954,0.012232721,0.09051367,0.11304269,0.09553318,0.0679674,0.06451809,0.085217066,0.086399846,0.023789473,0.0937704,0.12073131,0.12086153,0.04988091,0.10076016,0.083098836,0.09424621,0.092371576,0.0011821738,0.07703761,0.04740858,0.07544817,0.10227999,0.06812696,0.14533672,0.013403575,0.04931373,0.025450874,0.1543884,0.15281461,0.039307892,0.041343518,0.029300978,0.06854854,0.08747195,0.19056843,0.13807142,0.123983346,0.045015737,0.021040116,0.05098305,0.064985394,0.041670844,0.045878183,0.029604848,0.06682716,0.0554303,0.076645225,0.09485885,0.07709549,0.13728917,0.14497119,0.11994532,0.057210945,0.077722676,0.00058489107,0.079610296,0.083100565,0.10492312,0.030649573,0.04883333,0.090020366,0.13147229,0.07726355,0.079113744,0.05132126,0.12105287,0.041789304,0.09175177,0.11289147,0.066334166,0.1527576,0.10183715,0.047156878,0.13000467,0.1203636,0.13564742,0.053597916,0.0058411523,0.08376348,0.035202403,0.00086802803,0.15812477,0.032673545,0.081399105,0.008854132,0.13821554,0.13585207
Person28,0.06336051,0.086370826,0.09938209,0.025864186,0.0035310562,0.06464228,0.02470647,0.057142127,0.007623838,0.045643475,0.03966444,0.12811133,0.063649654,0.059599634,0.0030256556,0.004275376,0.06368459,0.045096405,0.008364525,0.065397575,0.0111709405,0.084861614,0.018749828,0.03477065,0.1538695,0.10680986,0.026071489,0.07192304,0.03677004,0.058027476,0.086113,0.06671587,0.056785192,0.05665205,0.04945437,0.04867348,0.100550376,0.08711247,0.06266656,0.010800449,0.065575406,0.004352969,0.06959229,0.05617879,0.10673618,0.020487677,0.04911864,0.075860836,0.079597205,0.029688666,0.08813604,0.09939009,0.09515031,0.03546131,0.075814635,0.057004284,0.074922,0.08543254,0.0034316566,0.046561476,0.041535612,0.057537857,0.067649186,0.08313175,0.08500767,0.020154148,0.02001658,0.05474576,0.116718434,0.12252112,0.03435994,0.05756131,0.055853527,0.08823203,0.06629824,0.099590145,0.10094773,0.09072843,0.047066484,0.027439684,0.01603041,0.06303755,0.081574224,0.039698035,0.02385634,0.026431995,0.060173027,0.09892938,0.058173597,0.057767116,0.105961,0.1005193,0.06681527,0.04747861,0.08642481,0.0014341887,0.036768906,0.05276647,0.061093383,0.03268507,0.020159053,0.077388406,0.10466962,0.04317772,0.074153975,0.0719394,0.056806747,0.018163553,0.06147399,0.05417508,0.05491584,0.19214116,0.08090737,0.021459052,0.13741279,0.074695855,0.09430787,0.039238065,0.0056229713,0.10492083,0.061648052,0.0053470735,0.14735429,0.021429451,0.08681968,0.0029257708,0.101281926,0.05372616
Person34,0.06365077,0.07446286,0.097322695,0.031608324,0.0051938137,0.046394594,0.016784774,0.038336974,0.0062189777,0.061861128,0.051717564,0.14895917,0.045858454,0.06274863,0.0036635424,0.0045350217,0.09487931,0.038876574,0.0055438583,0.08425045,0.010095775,0.13149986,0.0064624916,0.03987358,0.13495435,0.120772585,0.019949382,0.05740654,0.018176092,0.08449944,0.07320254,0.048170913,0.04717429,0.05017551,0.05289668,0.07239641,0.08517379,0.128385,0.052323677,0.0128614465,0.07518071,0.0057152333,0.040912203,0.053927623,0.13742809,0.029409463,0.052272417,0.077927284,0.077324286,0.01682094,0.07470731,0.07914913,0.07975744,0.032087002,0.049394153,0.058027867,0.06472844,0.07736822,0.004531733,0.056537904,0.026300091,0.049828175,0.037504993,0.08086621,0.06183564,0.010920809,0.02908149,0.09185277,0.08330411,0.10271281,0.052567087,0.06455658,0.0759957,0.11833262,0.052451957,0.04622396,0.06757727,0.10312285,0.05091631,0.033615384,0.025263103,0.083700776,0.10009623,0.032318354,0.013687638,0.025019353,0.048577774,0.09138978,0.06408269,0.044139713,0.09088924,0.0882382,0.060146995,0.03698701,0.112172715,0.0062349504,0.029512366,0.055572454,0.047660153,0.033383854,0.017453952,0.06308664,0.096306086,0.03559043,0.09409656,0.097669706,0.06281112,0.0144291,0.057211213,0.03845325,0.06832317,0.19320114,0.09201436,0.018244693,0.12858288,0.051071346,0.09789163,0.026134567,0.0065492936,0.08829217,0.08225278,0.012897723,0.14258412,0.019731095,0.08918768,0.0018903563,0.07799147,0.04972954
Person54_18,0.05767442,0.024187127,0.057715613,0.005195825,0.0018871527,0.019284323,0.013249603,0.015382524,0.0043913643,0.13900007,0.05102587,0.1216463,0.032484416,0.048472177,0.032367047,0.047945973,0.09990049,0.013502581,0.005628292,0.089218356,0.0034043144,0.12514207,0.0010053399,0.03258219,0.16296254,0.09720269,0.028477909,0.036426906,0.0043760315,0.08334169,0.042673092,0.036473695,0.050042134,0.0373464,0.036969207,0.028659215,0.07073727,0.1028473,0.039023146,0.010857431,0.08527703,0.019470898,0.0028692249,0.046367746,0.13634045,0.08732957,0.048157677,0.077619255,0.06689278,0.0,0.049390897,0.052023534,0.072917745,0.035811685,0.022733035,0.05006196,0.051751647,0.04229178,0.0020738328,0.061095618,0.0047902553,0.042281915,0.015914656,0.051259164,0.0532497,0.0002921678,0.03601107,0.05915358,0.04613535,0.067535765,0.0541503,0.06167247,0.07866036,0.09985669,0.026866825,0.019028967,0.039964687,0.10809854,0.049675878,0.018188406,0.07170602,0.07608331,0.08727638,0.04900684,0.0058379835,0.031675555,0.006104631,0.040390946,0.0809217,0.011189721,0.05930131,0.07336907,0.085649505,0.023317117,0.08058757,0.00092005945,0.023845527,0.07510129,0.02327446,0.024554014,0.028762009,0.026777068,0.10052561,0.01775443,0.07949868,0.055653274,0.07827934,0.029070463,0.05996649,0.051241055,0.0522204,0.1397284,0.09594515,0.01714016,0.119267166,0.023335448,0.10814803,0.01532619,0.0067302347,0.043344654,0.08548235,0.0238944,0.12592518,0.024966925,0.07138312,0.0029381497,0.056561496,0.09282784
Person12,0.066907056,0.07199111,0.096117854,0.030102931,0.0008906648,0.03487343,0.0077116885,0.041718856,0.0029084524,0.084598795,0.057796493,0.1674122,0.06622467,0.055526733,0.0015930578,0.020749778,0.11425958,0.017741064,0.00020319805,0.08327436,0.0067608603,0.15134695,0.0024984826,0.04782444,0.10328579,0.13283914,0.024310704,0.046154484,0.0210544,0.0926622,0.054463737,0.046579596,0.011073296,0.06422382,0.051840447,0.12127992,0.09321402,0.14270099,0.03142511,0.009232724,0.092111394,0.00018136635,0.055644494,0.038905192,0.18538259,0.013147897,0.05182905,0.09426454,0.05929096,0.021769172,0.08413892,0.049223445,0.07076253,0.031358637,0.02260955,0.09470699,0.06193791,0.09293874,0.0026169482,0.051133655,0.04247002,0.04266068,0.020660201,0.10174906,0.05409272,0.0046906383,0.017067272,0.12145554,0.06366663,0.09698664,0.06465169,0.07926399,0.09378013,0.13759467,0.032165043,0.01938946,0.050927453,0.068714425,0.055929568,0.043882284,0.025632199,0.09000108,0.12214943,0.040967036,0.006523585,0.008953251,0.03645739,0.08981644,0.07772573,0.0193222,0.07833556,0.06706388,0.071157366,0.038693026,0.13849714,0.0023561383,0.012364898,0.042737376,0.04674627,0.030956045,0.010429441,0.067295365,0.107724905,0.016739126,0.08786166,0.12875156,0.024945298,0.007823917,0.06556352,0.034978442,0.063072175,0.19859058,0.088608965,0.0041996255,0.13148701,0.03247089,0.08185889,0.010463205,0.0059002726,0.07337472,0.08590507,0.036522835,0.13490312,0.021078942,0.11161409,0.0004194179,0.068463154,0.023151662
Person56,0.08965417,0.060645312,0.09318836,0.015230314,0.00057707017,0.055175353,0.032545537,0.05257797,0.007749621,0.11090716,0.032459516,0.112753846,0.046568114,0.078771204,0.039008174,0.008532044,0.08261535,0.056994904,0.014768373,0.08594422,0.0061066267,0.11814865,4.219298e-05,0.04920126,0.22269294,0.08781638,0.042048313,0.07940147,0.008828893,0.06125163,0.073907286,0.06287975,0.10029272,0.06435832,0.04244024,0.06917443,0.099204384,0.081090234,0.07653541,0.0052209417,0.08846566,0.021384532,0.025925985,0.09855336,0.13120529,0.085659735,0.066239245,0.099328086,0.09305725,0.008643027,0.08525842,0.09244704,0.11473188,0.03864433,0.07367272,0.052285444,0.06917367,0.08170602,0.0054151514,0.082752965,0.021920567,0.06837896,0.050772384,0.0664988,0.10352774,0.0025392016,0.06059882,0.05849007,0.0993286,0.12398788,0.043651253,0.05908356,0.07753618,0.11421162,0.06756342,0.07663053,0.10132023,0.16086666,0.04895487,0.03002422,0.05241393,0.07145233,0.0923499,0.041796867,0.015767127,0.060148094,0.027651353,0.07288526,0.10524046,0.054718386,0.11315836,0.124338485,0.09766485,0.047396902,0.09260168,0.002238109,0.051185347,0.09303567,0.04480873,0.033381823,0.038678214,0.067064814,0.13458146,0.05907949,0.110033035,0.053785287,0.14184402,0.034366973,0.08615064,0.06854718,0.07695682,0.20145604,0.11594595,0.041583322,0.13035277,0.054075114,0.1487466,0.037331324,0.0037188067,0.074780755,0.07603509,0.005546917,0.1580935,0.032438435,0.09989022,0.005606056,0.10920849,0.1267515
Person31,0.064807095,0.11498577,0.124449916,0.058403395,0.015310872,0.086897954,0.03135957,0.07379824,0.01708114,0.03905826,0.03900602,0.17218861,0.079273805,0.07637277,0.005807039,0.0020738689,0.07627276,0.07450887,0.0075886203,0.06742883,0.025537325,0.12421668,0.027884733,0.038964894,0.15080887,0.10093564,0.021527482,0.092605226,0.06973127,0.06270701,0.11504259,0.08214327,0.065728374,0.07052827,0.07500548,0.07972185,0.10116133,0.09928881,0.068903126,0.01284031,0.049790155,0.0061375867,0.10705365,0.07766045,0.12578377,0.015095175,0.071040735,0.07843754,0.08647331,0.05883266,0.112863526,0.14151067,0.10669767,0.0323976,0.0975775,0.080901496,0.0851353,0.121392496,0.007514975,0.062745765,0.056130674,0.07128577,0.103889704,0.092948884,0.09272524,0.05922398,0.020052548,0.071312465,0.15430875,0.14264458,0.048508503,0.049393386,0.056818772,0.09774409,0.09191703,0.13979882,0.12535056,0.09487807,0.049677283,0.039054334,0.017039003,0.07244901,0.067776434,0.034804065,0.027394008,0.036185313,0.10214191,0.10913217,0.057092775,0.09015593,0.1320875,0.14170784,0.07114526,0.06504155,0.12150087,0.00788686,0.05949722,0.05434973,0.11206626,0.03454174,0.020199154,0.09455674,0.099390656,0.057775278,0.101986855,0.1256744,0.059925172,0.011635229,0.06288119,0.059584945,0.07972091,0.1863429,0.10979685,0.026004119,0.13369313,0.124133,0.09344428,0.046286855,0.005737861,0.12622982,0.056815058,0.0027788999,0.1621095,0.01670169,0.08374368,0.0034754442,0.118813075,0.036716923
Person32,0.013093963,0.014167605,0.045274805,0.0043998873,0.0031802086,0.010149106,0.005237641,0.0014133188,0.0036695898,0.03982793,0.08201438,0.19647573,0.0051061115,0.048371706,0.008947208,0.0012335377,0.14222766,0.0075813616,0.0030396539,0.08259504,0.004242469,0.19045185,0.0005814472,0.008574857,0.08170452,0.09388744,0.003030165,0.017216003,0.009828397,0.12526494,0.049465377,0.017366085,0.020051304,0.014881648,0.057420664,0.010834353,0.016340878,0.1570746,0.018070387,0.020553753,0.02095134,0.0048933686,0.004178778,0.043554645,0.12407306,0.017957967,0.049889203,0.02843521,0.04432337,0.0,0.02466689,0.04736611,0.028691048,0.02436907,0.013223162,0.062277995,0.051590037,0.036415704,0.0019337786,0.071080595,0.0017977966,0.013795738,0.014696775,0.044510566,0.022333175,0.003848592,0.012308252,0.086554006,0.023151971,0.0257198,0.10042737,0.023892086,0.048503187,0.112698555,0.030710343,0.012236364,0.014561734,0.07995138,0.053659745,0.012961799,0.020230113,0.11695247,0.021619495,0.0050183926,0.008878044,0.017993353,0.011006948,0.025480751,0.019101884,0.011019475,0.055663936,0.08809398,0.055680145,0.009637801,0.13293654,0.0029546656,0.023980519,0.061040167,0.038218,0.012648197,0.0079856375,0.0143380985,0.014286661,0.016919352,0.078799434,0.12395688,0.034637727,0.0043587047,0.012517041,0.012229661,0.06538981,0.07492996,0.09747323,0.013605155,0.097303346,0.0333973,0.072518356,0.008590636,0.013423297,0.04486188,0.08711247,2.1958858e-05,0.11147197,0.005375222,0.022062574,0.0014796759,0.01988986,0.023700612
Person9,0.033298165,0.0314647,0.0676462,0.011403955,0.0021386617,0.019065883,0.0049800724,0.0075390637,0.0039137797,0.055259857,0.07103809,0.1503823,0.005832729,0.043921936,0.010165682,0.0075276825,0.1157433,0.00927762,0.002120468,0.089554675,0.009670714,0.1520929,0.0042816256,0.021330316,0.090227276,0.12583184,0.003895501,0.027706932,0.009780859,0.10916863,0.055745512,0.02295302,0.029657062,0.014385547,0.0521361,0.028619763,0.04354525,0.1704649,0.036202237,0.016040284,0.059869483,0.012547986,0.0043385588,0.027778208,0.13330217,0.015399756,0.045910455,0.047288183,0.05538438,2.0998848e-05,0.042399466,0.05679436,0.045891803,0.02586222,0.018503115,0.042302445,0.050781164,0.04820689,0.0025822646,0.049465522,0.0048213652,0.024035767,0.014614371,0.057862427,0.021960724,0.005312255,0.017132606,0.08956712,0.03440218,0.04760882,0.0738213,0.049099974,0.076058805,0.11312927,0.029674739,0.0047029583,0.020539038,0.08844229,0.053544804,0.017833773,0.0146281365,0.09556282,0.078017086,0.020197406,0.007646365,0.015261468,0.018308496,0.05650344,0.03450289,0.014706427,0.054148298,0.073324695,0.03992403,0.017027989,0.1184637,0.00782183,0.016046356,0.05251593,0.010836521,0.024886562,0.0043728775,0.025231376,0.042379674,0.015564385,0.08213605,0.104319334,0.036353663,0.0040428094,0.02425988,0.008739955,0.06512983,0.14138444,0.0944376,0.009406023,0.11226844,0.030019632,0.080799475,0.012769252,0.010254338,0.064970165,0.09719409,0.012843386,0.118060544,0.011732972,0.051217932,0.00088884344,0.03616674,0.025835337
Person49,0.058849465,0.031099325,0.06960064,0.0059335483,0.00064459676,0.03650333,0.02188268,0.0220196,0.00554876,0.09719695,0.04905381,0.13725021,0.031984683,0.06907041,0.031439953,0.008078226,0.10039797,0.032633703,0.011470718,0.082783,0.0046337917,0.13657238,0.00012578214,0.031080034,0.18492717,0.082786374,0.029851396,0.053129725,0.009205312,0.07831716,0.060216006,0.045374993,0.07621557,0.05063151,0.043177538,0.038262147,0.068415225,0.09106076,0.053824227,0.00969278,0.06459113,0.015662514,0.01543095,0.084553435,0.12537716,0.07011489,0.061343487,0.07419342,0.07195917,0.0008780584,0.059295353,0.06635383,0.085484535,0.038551535,0.050336525,0.05395143,0.065030724,0.062225036,0.0026809666,0.08346722,0.012145339,0.04918856,0.037922,0.054502435,0.07824404,0.00047014793,0.04435114,0.057912152,0.07552793,0.08624863,0.06356311,0.04574156,0.05851239,0.10442704,0.04671422,0.053918898,0.06512551,0.12995909,0.05066859,0.019541504,0.047442164,0.08854984,0.060535055,0.030986689,0.012394346,0.052109882,0.015198889,0.047412854,0.0801121,0.033038948,0.091587305,0.11231634,0.09482471,0.030621706,0.10061536,0.00087148364,0.041599687,0.091714345,0.039759792,0.023570292,0.03314513,0.04372427,0.08695867,0.049338404,0.09930117,0.07077605,0.10523954,0.028249511,0.060885016,0.05776108,0.07066684,0.13999677,0.10755578,0.035015855,0.11722945,0.04894982,0.12286581,0.025013626,0.007490722,0.054455098,0.07439387,0.003900653,0.1364276,0.02449267,0.06890863,0.0047232243,0.07679954,0.102191955
Person55,0.22492605,0.25003496,0.23156884,0.069115795,0.002418227,0.16758125,0.100398906,0.22176826,0.025636919,0.23578958,0.0028169525,0.0462936,0.14885949,0.07228883,0.034400165,0.02701304,0.009992484,0.20542611,0.025972458,0.085778795,0.03967045,0.05356643,0.005568629,0.14986786,0.3599656,0.11561699,0.073814094,0.17943695,0.036699966,0.013896465,0.17915803,0.113241,0.26019543,0.14801826,0.01672664,0.19185616,0.2554589,0.023422804,0.18336703,0.010323948,0.2012816,0.08674051,0.1012847,0.1129216,0.11686344,0.06477742,0.021712294,0.20365417,0.20962103,0.05320469,0.20585805,0.24125113,0.24317041,0.047978472,0.2079118,0.03221474,0.08316185,0.15052062,0.031823754,0.01847554,0.06489579,0.18360315,0.18290104,0.1175921,0.21915635,0.037755243,0.12786037,0.07397463,0.2723195,0.33236477,0.0022493643,0.12503658,0.098184295,0.11216449,0.19371186,0.12890272,0.2799903,0.1945431,0.041354567,0.07634684,0.033739757,0.024603367,0.2205086,0.11498656,0.03560995,0.10593241,0.16329893,0.22314699,0.19976138,0.16448091,0.20437925,0.14245836,0.06052612,0.12276072,0.023983078,0.018707225,0.08716926,0.03415448,0.086985216,0.06339704,0.055841524,0.18197851,0.3872106,0.09180281,0.11554633,0.029161029,0.27788064,0.079943396,0.20990711,0.15130001,0.089892425,0.43231702,0.084032394,0.073030785,0.17142366,0.15835178,0.23880836,0.113811225,0.011139728,0.14908156,0.06201599,0.017231617,0.22813025,0.06616369,0.16526593,0.007545122,0.29566804,0.24689811
Person23,0.07202285,0.06415852,0.09392182,0.02173329,0.0028944158,0.04586906,0.018011961,0.04770318,0.006782357,0.0943414,0.043186717,0.11728302,0.038023107,0.063576825,0.006456112,0.008038317,0.08159822,0.04270211,0.005474796,0.08388061,0.007782917,0.11404105,0.0028435367,0.04771487,0.1700528,0.11248999,0.028719569,0.06350848,0.010211169,0.07059063,0.06689003,0.053067986,0.06419016,0.053307824,0.044924684,0.0719082,0.096630335,0.1087398,0.061896957,0.010190283,0.089319654,0.0030571304,0.025633754,0.059820548,0.14692491,0.043718465,0.050797556,0.0961461,0.08573194,0.0046551744,0.07796918,0.07208618,0.09764438,0.03222871,0.054236792,0.049519755,0.06423453,0.07338108,0.005509469,0.055666804,0.017326934,0.056141037,0.03151944,0.079903826,0.07681107,0.0027119166,0.042482946,0.080656126,0.07716647,0.10661602,0.042720225,0.070603184,0.08141354,0.12279394,0.049724072,0.041899957,0.07618024,0.12679197,0.049286436,0.032846794,0.03420732,0.07190301,0.11364239,0.04198227,0.013860674,0.03249305,0.029920276,0.079837844,0.086887404,0.041387707,0.09547417,0.08692835,0.07472953,0.041344237,0.09473521,0.0020826545,0.027459761,0.06457379,0.028878013,0.033654645,0.021231757,0.05711818,0.114781536,0.03304602,0.09855425,0.06724529,0.08939531,0.019868936,0.073351145,0.04440792,0.06579797,0.21349132,0.09303139,0.021060862,0.1387992,0.040424246,0.12278367,0.02802916,0.0055773878,0.08121869,0.083289236,0.009626719,0.14542519,0.026603261,0.106843024,0.0019281945,0.08702359,0.06892066
Person43_05,0.025202228,0.023509612,0.059179973,0.010260363,0.001645629,0.016864276,0.007614197,0.0038437282,0.004809378,0.05231332,0.07431793,0.18438146,0.007988861,0.058028344,0.004988152,0.00087903143,0.14094153,0.01623986,0.0028203733,0.09023874,0.0059917904,0.19401598,0.0011786411,0.017479662,0.09688642,0.10325241,0.0066945446,0.027826117,0.010790537,0.11945003,0.057815574,0.02460474,0.030154811,0.02293889,0.059474003,0.030308852,0.030642083,0.16309507,0.029818296,0.016155718,0.038098596,0.007808986,0.005123294,0.051328946,0.14422952,0.024947584,0.056132667,0.043082424,0.0531541,0.00015253523,0.037568606,0.052075524,0.043064646,0.025454825,0.019375047,0.066467024,0.055362664,0.05094447,0.0029778134,0.0782994,0.003956005,0.020394554,0.017074069,0.05129069,0.030019773,0.0061226212,0.021368409,0.09761971,0.03343784,0.04165205,0.095081754,0.03452584,0.06567379,0.12895745,0.033156108,0.014091253,0.022971407,0.09701483,0.05561825,0.017559916,0.02723057,0.11211453,0.04294914,0.009690986,0.008045045,0.021854244,0.016606351,0.03389034,0.036341973,0.018719573,0.06574317,0.09384605,0.060823202,0.017084766,0.14201365,0.0062505747,0.026381059,0.06633069,0.038046267,0.018001813,0.011143573,0.022680318,0.02783729,0.02018609,0.09836345,0.12446522,0.05001527,0.0066610277,0.023701737,0.016799549,0.07518145,0.11255141,0.1123947,0.015634721,0.10383671,0.035140984,0.08751755,0.011942638,0.010634734,0.053716328,0.09210911,0.0001324311,0.12025065,0.009356985,0.04151705,0.0014133701,0.031250555,0.030992303
Person20,0.050891984,0.040887896,0.0751244,0.017442273,0.00337163,0.023538144,0.0054686354,0.019056654,0.0032896318,0.073996216,0.059823994,0.13051865,0.02572855,0.04244465,0.0022428255,0.021039233,0.097894624,0.01054689,0.001118211,0.0868204,0.0069295103,0.12259478,0.0053278874,0.032441456,0.106824614,0.12938997,0.014636078,0.034239314,0.009498799,0.093554914,0.04919683,0.031939354,0.026548222,0.028011842,0.04520098,0.051387135,0.06983982,0.14611618,0.038462084,0.013130086,0.07865019,0.005741423,0.012435903,0.02598014,0.14018968,0.024616804,0.04026542,0.0690822,0.0609412,0.0018825071,0.05555201,0.052126963,0.05971397,0.029435312,0.021691948,0.04364899,0.050742462,0.056238633,0.0023784176,0.040481262,0.01262783,0.033187352,0.01338504,0.071199715,0.035285052,0.002479027,0.017084692,0.08913846,0.0460011,0.06921893,0.05503476,0.06610375,0.082976416,0.11298997,0.02642911,0.00754184,0.032005295,0.08420346,0.051535558,0.025738942,0.02293953,0.082714535,0.10784426,0.036920063,0.007702594,0.01310941,0.01642587,0.07215998,0.054163177,0.014220483,0.058894858,0.06283939,0.048708644,0.023559237,0.103136465,0.002999576,0.014156812,0.048331305,0.009374168,0.030093873,0.008243309,0.037569888,0.07855622,0.014586818,0.07199158,0.08506268,0.03644106,0.008686628,0.04377682,0.020274796,0.055179983,0.1695754,0.080985606,0.006873371,0.12428249,0.024201656,0.08394724,0.013439283,0.00931065,0.06984187,0.09539119,0.028081147,0.12430014,0.019742562,0.078034185,0.0009487175,0.049985927,0.03491428
Person25,0.0146348225,0.021014588,0.055105474,0.010252648,0.005999443,0.012993409,0.0050162086,0.00096391066,0.005807493,0.032468803,0.085553885,0.20780368,0.001022976,0.051264573,0.0060317586,0.00022940346,0.15130693,0.011338707,0.0016003011,0.08897619,0.010611119,0.21585786,0.0025666673,0.010373667,0.06399507,0.105161116,0.0006775357,0.021636505,0.012721681,0.1353674,0.059227306,0.01786039,0.017682279,0.011398954,0.065929,0.025151283,0.016619423,0.187494,0.020847341,0.019931043,0.025198678,0.0048429333,0.003823821,0.038689494,0.1383224,0.006184435,0.054108847,0.027848408,0.048228934,0.00039896226,0.030903162,0.05179461,0.029718386,0.021682158,0.013539391,0.07308024,0.05137893,0.04743429,0.0031779413,0.07581773,0.0023851194,0.014048945,0.014937837,0.048121106,0.015542112,0.01861734,0.010531744,0.108556665,0.025001884,0.026665965,0.11039708,0.024893127,0.061292,0.1269136,0.033277266,0.0051896377,0.011338734,0.0775784,0.056340292,0.014507029,0.017606871,0.12044359,0.030542897,0.0033421454,0.008959201,0.013845973,0.021514704,0.030395988,0.015861522,0.017113257,0.057077743,0.08691465,0.045674164,0.013032486,0.15370013,0.014135442,0.021471107,0.05291795,0.042204443,0.015394162,0.0031655973,0.01758801,0.008520293,0.012744207,0.09193311,0.15285683,0.032567672,0.0014253422,0.009634493,0.005526296,0.0748395,0.08707174,0.111324765,0.010893637,0.09560258,0.03806453,0.070763335,0.009166171,0.012807226,0.052171964,0.09415904,0.00015792817,0.11354441,0.003880982,0.022630645,0.00072179316,0.021554317,0.013777967
Person40,0.020276945,0.018052753,0.047286157,0.0031155385,0.003291382,0.011399656,0.0046431636,0.004417132,0.0026805298,0.0478336,0.07504166,0.1594266,0.0061584897,0.039262637,0.013344345,0.008379088,0.11959082,0.0040251445,0.0038571074,0.07709811,0.004097501,0.14610675,0.0030869907,0.012614187,0.08978622,0.10050243,0.0048410655,0.016818075,0.007017796,0.11105796,0.04527151,0.018828483,0.023774989,0.014829294,0.047728576,0.0054236893,0.028436778,0.14382859,0.0243726,0.020618975,0.035997823,0.0083345445,0.003507813,0.029413313,0.11242138,0.018793525,0.03986264,0.03325822,0.04650098,0.0,0.027407305,0.046785086,0.03431574,0.025959933,0.015320282,0.042477958,0.04845759,0.030396553,0.0014813321,0.05011785,0.0028537437,0.01711586,0.01388915,0.04819959,0.020168029,0.0007007326,0.010938498,0.07181999,0.026420737,0.03182365,0.08118767,0.03453067,0.051243916,0.09534564,0.02665335,0.006270715,0.017178888,0.079561785,0.050785046,0.0131367985,0.017968284,0.099138625,0.0428026,0.015811143,0.0074911094,0.016629282,0.009524214,0.03923319,0.023142474,0.007476042,0.04906708,0.073247336,0.045118064,0.00894299,0.1041821,0.000794265,0.015874553,0.058049217,0.0154048605,0.016193947,0.0072492193,0.013304014,0.030071154,0.016516838,0.061911955,0.09537126,0.033903964,0.0074315844,0.016597861,0.013195133,0.05304383,0.093078405,0.08236233,0.010611006,0.10467647,0.023359625,0.07230692,0.011549483,0.0131787015,0.050689034,0.08787952,0.0044176737,0.11035595,0.010482265,0.028742172,0.0016871644,0.024015466,0.03008192
Person42,0.13421991,0.20338018,0.17831714,0.119018294,0.01441465,0.13632885,0.04378398,0.18631922,0.015429472,0.05290275,0.014833079,0.13616386,0.17114429,0.04918267,0.0017636847,0.015844107,0.025918443,0.12935092,0.014730425,0.05884217,0.03142356,0.0635324,0.061728444,0.07245116,0.16872862,0.111164585,0.031319004,0.122212045,0.09746781,0.014973983,0.14647262,0.11631533,0.089462526,0.114181265,0.040458873,0.14389475,0.18739222,0.026205152,0.097214766,0.01820263,0.07436476,0.010468646,0.1777022,0.05251551,0.07423085,0.012641195,0.031953108,0.105541155,0.12257237,0.12181038,0.16858284,0.21346256,0.15637986,0.03210493,0.1523506,0.07874712,0.07428432,0.14832532,0.009554978,0.006818214,0.12432529,0.12220066,0.18772392,0.12858842,0.12186258,0.061773524,0.01569082,0.04792732,0.25682113,0.25295535,0.01164515,0.075095944,0.055409193,0.0390414,0.14803118,0.23938803,0.21521874,0.06341287,0.036740925,0.060593177,0.0032660265,0.024386343,0.11359319,0.07314985,0.043906663,0.041137736,0.18108493,0.21106239,0.07589894,0.12642735,0.1668305,0.12179382,0.04154537,0.096716784,0.057763662,0.0016433073,0.060464684,0.012340435,0.1955503,0.047634125,0.024264429,0.16198103,0.22390012,0.057766013,0.05551191,0.088085346,0.04845597,0.015628869,0.11309717,0.099843524,0.058137856,0.2603998,0.057957426,0.016678464,0.1556062,0.17015299,0.08189303,0.07918153,0.012113148,0.1712702,0.036815282,0.016720075,0.19185238,0.028877651,0.118807964,0.006277395,0.19555111,0.036586385
Person59_07,0.038058672,0.03645786,0.06646543,0.01746662,0.0043819025,0.028124046,0.007532427,0.016178379,0.0037940203,0.0418316,0.062016416,0.14674446,0.02096441,0.048718028,0.0040231063,0.0036132417,0.104121216,0.0137158865,0.00428651,0.073297754,0.009047001,0.1304109,0.011036016,0.020596664,0.10434512,0.11275416,0.009374978,0.03483871,0.018007454,0.09445011,0.057693135,0.034445412,0.030465296,0.02510559,0.050729338,0.02610022,0.05274942,0.1317205,0.036946006,0.0135953985,0.04487428,0.002608251,0.02132227,0.03902604,0.11766017,0.01681387,0.04292152,0.0512487,0.057494707,0.0037194986,0.050201282,0.056798138,0.05370113,0.027852314,0.03314219,0.04752217,0.05632439,0.050278466,0.002765543,0.047255587,0.0130189005,0.028252797,0.028293414,0.0627089,0.040590685,0.006433676,0.013384692,0.07685516,0.051783763,0.06377099,0.06395695,0.045307454,0.054616705,0.105458386,0.03601367,0.027965387,0.03897783,0.08045451,0.050799835,0.017490117,0.0127835935,0.08744462,0.06421808,0.018832993,0.011444097,0.016985485,0.022692678,0.0664867,0.03412933,0.02142511,0.069175996,0.07782627,0.05019039,0.020820992,0.108583294,0.0014347935,0.020829294,0.052402627,0.02487434,0.023877291,0.009152127,0.03503898,0.050610706,0.024170835,0.068704285,0.09347105,0.043350685,0.0080684265,0.029964644,0.02075429,0.05779922,0.13492356,0.08390326,0.012757886,0.117137246,0.03805055,0.07995665,0.018553194,0.010006551,0.07396941,0.08436119,0.0061615566,0.124344505,0.01611882,0.05232893,0.0014426559,0.04621069,0.032648705
Person46,0.16959369,0.1349038,0.14575814,0.028867086,0.0018877287,0.111656606,0.05277618,0.14623494,0.014181897,0.18626659,0.008442123,0.061399095,0.10960541,0.061386786,0.028072871,0.026508983,0.01888813,0.114371575,0.0112805655,0.08549652,0.017992033,0.045325775,0.00081420015,0.09070796,0.30148685,0.09728778,0.07521789,0.12648536,0.018788608,0.017232003,0.10628051,0.09545944,0.16330238,0.11170822,0.022156782,0.11755898,0.19140966,0.029589085,0.12837686,0.00377942,0.14402924,0.047810268,0.08767261,0.08635643,0.117978714,0.04519329,0.028730428,0.16302909,0.15010145,0.02125098,0.14353755,0.14912738,0.18474372,0.043092586,0.13738324,0.04855787,0.0784755,0.12921236,0.014481953,0.026813116,0.051042162,0.13303629,0.10830818,0.100464046,0.19024827,0.004903738,0.089267775,0.05306547,0.17943789,0.22275251,0.0072249793,0.098248586,0.07470346,0.10152174,0.10519926,0.10035276,0.19482556,0.15683208,0.042909477,0.047307584,0.031725902,0.031490404,0.1570332,0.09261909,0.022999665,0.07531061,0.06089391,0.12549311,0.15366389,0.100276336,0.1613858,0.10448323,0.097554155,0.091219746,0.042046513,0.0059880074,0.05324135,0.048691977,0.049837198,0.04616357,0.044496175,0.13133858,0.26451194,0.058318544,0.09522461,0.027542915,0.18268193,0.051390596,0.15461136,0.1112779,0.08116493,0.30170038,0.094859,0.043388046,0.16780895,0.085291006,0.19098237,0.07382211,0.0042763334,0.1095614,0.058274932,0.019540114,0.19098131,0.056605864,0.15108313,0.0050057657,0.20694248,0.17263532
Person36,0.03620556,0.021291064,0.054452438,0.008683857,0.0022241462,0.015040555,0.007010162,0.012561739,0.0023666522,0.07042235,0.06746217,0.1615359,0.029421544,0.04749634,0.0019794456,0.016578976,0.11830316,0.0070127626,0.0013305198,0.07717585,0.0041417796,0.15279177,0.0018973721,0.01939922,0.10672645,0.10241339,0.016036218,0.02569801,0.013349638,0.10212353,0.04562852,0.028689085,0.021254739,0.031056078,0.048269942,0.03210315,0.04931753,0.13115174,0.024353767,0.015221552,0.0533685,0.0049193697,0.015097944,0.038061578,0.13566,0.033951946,0.049340356,0.05583033,0.047434073,0.0007892716,0.04357553,0.044991266,0.04771292,0.031905428,0.013753263,0.06588917,0.05230046,0.048748296,0.0012252697,0.059652243,0.012501653,0.024452142,0.016397964,0.05659661,0.03553401,0.002033732,0.013301512,0.08078594,0.03903554,0.051514436,0.07505818,0.047712114,0.06335049,0.10865555,0.027384726,0.021030322,0.028744439,0.077204145,0.05234333,0.018633025,0.03610769,0.09754059,0.05820703,0.024521215,0.0065067653,0.013476858,0.011036418,0.038302418,0.045131292,0.01185326,0.05827236,0.07259469,0.06884422,0.019473994,0.114748746,0.0004757623,0.017445417,0.05771959,0.032158963,0.01889797,0.01519958,0.028815977,0.055110984,0.014711558,0.072071984,0.09709285,0.034123506,0.011095382,0.035687156,0.031321567,0.0572926,0.10968185,0.08796493,0.008588111,0.11161202,0.028143778,0.078784935,0.008475355,0.00982676,0.050762277,0.080491126,0.014289696,0.11622583,0.016232405,0.05342559,0.0011885763,0.039510775,0.04264015
Person17,0.0351009,0.06086679,0.08952162,0.0517789,0.037028477,0.048952848,0.023286827,0.027788099,0.025136048,0.0254643,0.0611383,0.18719737,0.005883926,0.06599896,0.01446547,0.0010650562,0.11549455,0.052343257,0.013085291,0.07976798,0.031130914,0.18026507,0.01409155,0.018417176,0.11339765,0.09810979,0.004605942,0.052847877,0.033373155,0.10854225,0.09753774,0.046725914,0.057538744,0.022536626,0.0857712,0.03164139,0.041785333,0.16034353,0.05618511,0.020106262,0.024911454,0.0161114,0.027572114,0.069879584,0.12173022,0.015556608,0.0598746,0.04438656,0.077672064,0.008709724,0.06724964,0.106378704,0.06537874,0.02319136,0.061163682,0.05913909,0.06448273,0.06856756,0.013460151,0.07914191,0.014321645,0.04034963,0.06447166,0.061791096,0.04372723,0.034293655,0.02517649,0.09559048,0.07776985,0.0653515,0.074827805,0.028440004,0.050579328,0.12276613,0.072773635,0.044873625,0.0639584,0.118339926,0.05257393,0.019469298,0.0162273,0.095595144,0.041936528,0.010684152,0.021712637,0.04993172,0.06215506,0.0600436,0.026731033,0.06749903,0.09566169,0.12767078,0.05054147,0.033133082,0.14075676,0.031434625,0.062148422,0.06385711,0.06148123,0.024922188,0.011325046,0.042830396,0.030782038,0.050625596,0.11247078,0.1454175,0.08877052,0.0063344883,0.023786047,0.016702598,0.08414137,0.12999779,0.10972265,0.037475843,0.10673369,0.08330839,0.09133381,0.03218991,0.01302749,0.09953472,0.08901851,0.00014835307,0.14269322,0.009717776,0.035879053,0.003558424,0.0629834,0.021270312
Person60,0.09655266,0.112904154,0.12965415,0.035337213,0.0024029068,0.06473571,0.019199908,0.07445029,0.006765605,0.08374966,0.030162044,0.08628598,0.05163786,0.05033195,0.0023312862,0.0070543257,0.048568957,0.05601935,0.0072435285,0.09003767,0.012681803,0.06884233,0.0073084114,0.07129292,0.16005448,0.14404348,0.028940244,0.07828455,0.018136337,0.055582576,0.0789368,0.062808625,0.068766266,0.053745642,0.042228162,0.10129877,0.13735841,0.12363719,0.08313615,0.008441509,0.12202391,0.0034057477,0.041038,0.03844451,0.13781442,0.0238235,0.03372987,0.11318724,0.10642216,0.017018965,0.10254831,0.09850199,0.11598482,0.030328324,0.07122504,0.03468816,0.062182393,0.08454593,0.006613441,0.022036158,0.03126215,0.07027832,0.041503653,0.10562543,0.08096739,0.004595695,0.040143132,0.09033628,0.10780462,0.14527655,0.018463165,0.09508525,0.09888965,0.12140986,0.06068818,0.041642062,0.10030046,0.12127224,0.046165552,0.04603051,0.012636609,0.043089334,0.1744247,0.055978805,0.017401513,0.023589874,0.059152596,0.13483934,0.0887333,0.05537808,0.10611696,0.066308886,0.048915394,0.052206025,0.075779036,0.0040240735,0.01814802,0.035367366,0.025839202,0.04908721,0.012499805,0.0815036,0.16324028,0.029551787,0.08959844,0.057290085,0.07530875,0.013370637,0.08703137,0.037345536,0.05474814,0.2996699,0.074485436,0.012843712,0.15703341,0.03705555,0.12215062,0.041686613,0.004292881,0.11577178,0.09268832,0.018186303,0.16039193,0.032126535,0.14352782,0.0014937508,0.11037956,0.05459091
Person33,0.04894606,0.027740529,0.06633702,0.011105232,0.0017978543,0.023351362,0.01225109,0.011539443,0.0062719737,0.095975205,0.060275327,0.15516415,0.02537305,0.05946145,0.009117398,0.016868342,0.11960165,0.017968638,0.002190873,0.091103815,0.006994333,0.16349536,0.001834175,0.02673405,0.13601953,0.10580557,0.021345373,0.04114923,0.012178858,0.09849454,0.05573571,0.035716373,0.042945728,0.0390461,0.05305886,0.04529552,0.058925904,0.13208318,0.038802065,0.013636372,0.06779107,0.012197919,0.010490741,0.05651217,0.15399201,0.051147364,0.06244192,0.07109677,0.060816072,4.2006945e-05,0.052157182,0.05478328,0.066908576,0.03301266,0.023817996,0.068065085,0.058256123,0.06262063,0.0032181053,0.076964416,0.0082990145,0.036091805,0.020468669,0.058336828,0.05111216,0.00418088,0.030874057,0.085428864,0.047639575,0.06354843,0.072587036,0.051216334,0.074964955,0.12353864,0.034279317,0.024501773,0.039895557,0.10785381,0.054502696,0.02158075,0.04984195,0.0996227,0.07207415,0.02688518,0.0074017122,0.026854238,0.014408583,0.040006276,0.06889618,0.021791967,0.07189739,0.091335766,0.08285726,0.027652232,0.11985769,0.003415457,0.026413146,0.07280857,0.03594422,0.023307508,0.021873524,0.035056755,0.067129135,0.022224955,0.10222391,0.095056124,0.06707726,0.017718725,0.047829557,0.039205723,0.074353,0.13995321,0.11653478,0.018293144,0.11533518,0.03810052,0.10280251,0.012963883,0.007889331,0.055280216,0.08487777,0.010160192,0.1271366,0.019721853,0.06720817,0.0021083527,0.05439916,0.060956623
Person52,0.014381297,0.016929898,0.046523493,0.0070789014,0.0033973567,0.011589259,0.002549751,0.0031138626,0.0040639653,0.02931865,0.080884576,0.17962795,0.0024587438,0.04027486,0.0062434664,0.00180121,0.13183329,0.0048464756,0.0036400927,0.07889977,0.0066593257,0.16733918,0.0041379523,0.008927719,0.07268304,0.10048672,0.0013312808,0.014273806,0.00794049,0.12191393,0.048567522,0.015501727,0.018791994,0.010396471,0.052427724,0.00580136,0.01875558,0.15822633,0.020649206,0.021520814,0.021801542,0.0044609485,0.0024455034,0.03104121,0.1116797,0.005706418,0.041312423,0.025783882,0.045598418,0.0,0.023591736,0.049449973,0.02758107,0.022129314,0.015189748,0.04759715,0.047805388,0.031834204,0.0020293815,0.05527702,0.0015226273,0.0134762535,0.014476262,0.047259808,0.016060822,0.002618747,0.007388576,0.08125349,0.0213762,0.02559596,0.092664555,0.026411334,0.04834261,0.104370646,0.028890742,0.0049656765,0.013633362,0.07485828,0.051700477,0.012556817,0.009000767,0.10888991,0.03078178,0.0065536136,0.009549958,0.013892519,0.011380336,0.03822029,0.013643997,0.009191808,0.050879143,0.07693392,0.039931327,0.007347683,0.118899465,0.0029467428,0.016446764,0.054966453,0.022912912,0.014706086,0.0035638905,0.013548779,0.01648245,0.016621254,0.06673938,0.113419384,0.026776055,0.002705603,0.009500642,0.0042869947,0.05858759,0.08327452,0.08594707,0.010350141,0.099641286,0.0283938,0.06670936,0.011197628,0.014298536,0.05279886,0.091572225,0.00015025152,0.11077844,0.0059936913,0.02084804,0.0010176311,0.018098697,0.017473636
Person38,0.08701508,0.04076024,0.067798406,0.013138291,0.00088549673,0.032181695,0.016730793,0.047793433,0.0032794063,0.14304383,0.036721203,0.113664985,0.09247437,0.046335235,0.0055580935,0.05721292,0.07344583,0.01328974,0.002531227,0.07055383,0.004358411,0.08554273,0.0039004986,0.040639237,0.17034787,0.100198664,0.050500087,0.05608591,0.020212717,0.05533457,0.042221032,0.055389717,0.030949201,0.072026454,0.032512687,0.06587285,0.11440343,0.073803134,0.037736904,0.006987991,0.10410945,0.005096468,0.05600099,0.0396375,0.14332838,0.06540311,0.046499968,0.107645735,0.062723845,0.009616015,0.07810692,0.054904744,0.09100362,0.04653918,0.03371196,0.085819356,0.060571387,0.073118754,0.0011543438,0.044487137,0.03847048,0.054563403,0.03013315,0.07521297,0.084068,0.0007501914,0.022998072,0.05598358,0.08428017,0.11561683,0.03379574,0.08499507,0.07419266,0.086636774,0.030165253,0.0567471,0.07576873,0.07624413,0.04843246,0.026456643,0.062996246,0.06274452,0.10910506,0.06574743,0.006368774,0.01958841,0.015994186,0.06292181,0.10253167,0.018572742,0.07430468,0.060532458,0.100713305,0.042157933,0.06822743,0.00019256423,0.02019358,0.052480664,0.044445325,0.029743424,0.033022482,0.06542297,0.1539535,0.02312025,0.058913775,0.049209215,0.0512821,0.03300901,0.08913717,0.07821845,0.043102104,0.16450278,0.07068436,0.009932244,0.13714068,0.028406763,0.092857465,0.015550568,0.003901621,0.05749236,0.062160652,0.052468088,0.13093948,0.03806047,0.10587365,0.0017967281,0.08781313,0.10106867
Person16,0.08380467,0.05023032,0.08702027,0.019758364,0.0023661987,0.04511808,0.018232973,0.043842826,0.0047064214,0.11022257,0.03536894,0.095915385,0.047404774,0.05332796,0.010535455,0.030994091,0.06389501,0.028438637,0.0055040587,0.08574579,0.008555466,0.080713816,0.005561373,0.042961836,0.18177313,0.112006806,0.03453219,0.063871294,0.012762773,0.05603596,0.05809238,0.05339525,0.065409556,0.050199717,0.0336142,0.051844995,0.10966734,0.090486616,0.063883595,0.00846423,0.10332686,0.014635519,0.026979547,0.04858381,0.12882364,0.05352972,0.046807382,0.09940207,0.08270972,0.0020596248,0.07953783,0.076274715,0.10209242,0.039679747,0.050467674,0.046059974,0.061223898,0.07052722,0.0029568197,0.04481539,0.018555392,0.060574498,0.036708675,0.070245884,0.08085393,0.0017990079,0.03755811,0.060482163,0.09111373,0.11632521,0.027002629,0.077424645,0.0806013,0.09883558,0.041998684,0.040796883,0.07577464,0.11014086,0.04779174,0.02588254,0.042975422,0.05683678,0.12680197,0.0565564,0.009420612,0.031554393,0.024896573,0.08703756,0.09262654,0.030720217,0.08380646,0.067437835,0.07586556,0.041317258,0.07353843,0.0012283312,0.023706315,0.061023366,0.019820018,0.036927443,0.024509128,0.0589649,0.1346615,0.03135059,0.07643177,0.04597755,0.0772799,0.027118703,0.0757065,0.054911736,0.051242594,0.20284995,0.0886111,0.016779102,0.13893591,0.035564903,0.11547812,0.029356182,0.003951006,0.076130286,0.08154194,0.024283389,0.14107484,0.035115767,0.103601255,0.002484428,0.09520377,0.09121331
Person19,0.01859631,0.014204771,0.04283029,0.004175589,0.0031666642,0.007967881,0.0032997737,0.0034373202,0.0019089188,0.054732643,0.07922016,0.17343746,0.010999562,0.039032027,0.0024363229,0.008693939,0.12880638,0.003176093,0.0011665162,0.07761174,0.003244896,0.15869671,0.0011525156,0.011858535,0.08497751,0.09662426,0.006998562,0.014572083,0.007426327,0.114983596,0.04243591,0.016591236,0.015616643,0.016484907,0.04761158,0.0102392705,0.026677685,0.14294897,0.016864168,0.021151999,0.031955045,0.0024860154,0.005455601,0.02913144,0.121191114,0.02048684,0.043123033,0.035376888,0.04309466,0.0,0.024244934,0.042613447,0.029187089,0.026946675,0.008660562,0.04947581,0.047289405,0.032027263,0.0009683038,0.05380325,0.0030030368,0.0141031025,0.010025117,0.048720326,0.01911653,0.00050936907,0.009821967,0.07686374,0.020402692,0.028067935,0.08578221,0.034162816,0.050106797,0.101001,0.024717193,0.007990999,0.014712336,0.07448225,0.051359423,0.014292632,0.024155099,0.10665411,0.0360789,0.0144685265,0.007223348,0.010937032,0.008839992,0.028432779,0.025197145,0.0061839838,0.048016686,0.07127813,0.0542373,0.009144959,0.10978077,0.00064502895,0.014287423,0.055382494,0.022647467,0.013598499,0.008478043,0.014490742,0.028241642,0.008613291,0.06341309,0.101132594,0.022293625,0.0056385924,0.01717857,0.01548951,0.054354742,0.083220236,0.08386358,0.006928064,0.10346555,0.022705391,0.06918161,0.0075770686,0.013601649,0.04451024,0.08472176,0.0056523895,0.107908644,0.008509919,0.031224497,0.0010826787,0.019718466,0.025022231
Person53,0.050308593,0.03566685,0.06496176,0.014548745,0.0039268485,0.020769022,0.005112383,0.020222347,0.00238061,0.0807652,0.056832954,0.10953027,0.023961168,0.032966644,0.0034468607,0.036541503,0.08248728,0.0062177624,0.0013402876,0.0806793,0.006210821,0.09208373,0.008446826,0.028852904,0.113790624,0.12442756,0.016569436,0.02978928,0.010345393,0.08510623,0.04308732,0.032525387,0.024834227,0.022211706,0.040817145,0.028635506,0.07139622,0.13139795,0.036395416,0.015891014,0.0791467,0.0035622627,0.011935475,0.019268645,0.123459265,0.019617178,0.033025578,0.069109045,0.05835925,0.0,0.05031656,0.04859381,0.05876789,0.02880835,0.022727244,0.033951495,0.04925504,0.039402314,0.0030283856,0.027856056,0.007154054,0.03474199,0.016181735,0.06789586,0.031745136,0.00055698084,0.013707409,0.075878456,0.04119846,0.06260295,0.043154757,0.06743271,0.07025295,0.09359884,0.022499198,0.0062976424,0.03062531,0.07831118,0.04821839,0.021218555,0.023272177,0.07424684,0.10978057,0.048018754,0.0069815707,0.010747815,0.012202309,0.072531134,0.05151069,0.009016882,0.052918423,0.051616486,0.048364963,0.021019647,0.07628846,0.0006536609,0.008221724,0.043885347,0.0006733281,0.030346774,0.006776232,0.030938372,0.08231129,0.010086072,0.055198103,0.059647854,0.030606456,0.010810495,0.0406529,0.020724904,0.046170663,0.16238616,0.068047024,0.005326345,0.12820292,0.019118857,0.081087485,0.013990879,0.009034502,0.068533584,0.09255579,0.03505124,0.11953152,0.022836033,0.07422994,0.000871388,0.048053097,0.038156174
Person26,0.07979673,0.050000735,0.09644852,0.016642798,0.0011252993,0.056931574,0.025493393,0.027807388,0.009900751,0.103949234,0.034268625,0.09233696,0.020019632,0.06783482,0.05504838,0.010698578,0.07067342,0.03679729,0.013357385,0.08979416,0.014593232,0.10137907,0.0021609776,0.04100675,0.2037609,0.108466715,0.028903296,0.074863404,0.011137423,0.05825259,0.07528337,0.058343038,0.10840163,0.038846076,0.04374069,0.03558709,0.09067864,0.105270475,0.09012299,0.006058172,0.09824041,0.04244867,0.007939218,0.07665555,0.1253651,0.06415433,0.05949697,0.09066474,0.09026599,0.00019862232,0.08242125,0.092366226,0.11172984,0.034839705,0.07237531,0.043428432,0.06649905,0.085654974,0.0053128013,0.06530492,0.011150495,0.06760103,0.050893698,0.058225468,0.091639556,0.0068679126,0.055386636,0.052084412,0.09427559,0.110250294,0.03508696,0.06132941,0.08036765,0.10617034,0.05412403,0.033597913,0.07965626,0.15029906,0.051771406,0.01618576,0.038131945,0.062113877,0.111199625,0.04229286,0.01166385,0.06690605,0.021175537,0.07671519,0.0923233,0.043383323,0.09833517,0.111697026,0.07456811,0.04124206,0.09411239,0.0049202223,0.041349154,0.090898626,0.011084338,0.038797624,0.028472058,0.055040233,0.10877983,0.0594487,0.106471844,0.053009152,0.13981232,0.02815159,0.06496175,0.04924474,0.07441808,0.21221983,0.12912531,0.041311145,0.13028346,0.052784026,0.1457452,0.03836617,0.002797236,0.07843488,0.09182597,0.0045084986,0.15039751,0.033206344,0.081900984,0.005449897,0.10526863,0.11014874
Person2,0.035889015,0.023562372,0.05711397,0.008303808,0.002259259,0.016176892,0.009772127,0.010855663,0.0033757966,0.076199144,0.06839357,0.16645285,0.023630373,0.050705988,0.004968848,0.011927382,0.12456014,0.010044748,0.0015915958,0.08401155,0.0039193826,0.16394036,0.002125583,0.020149736,0.11130692,0.10692129,0.013197152,0.026887069,0.010104288,0.10613146,0.049945597,0.028077407,0.028895408,0.028983198,0.05021179,0.029161606,0.04756657,0.13767283,0.029363427,0.015453316,0.056281913,0.009087974,0.008928772,0.04429075,0.14203629,0.035978332,0.051384,0.05600783,0.052105512,0.0005296579,0.041452978,0.04740133,0.050477948,0.031480193,0.016942635,0.067444794,0.053570934,0.051024023,0.0024309421,0.064488254,0.008786952,0.026741503,0.017703407,0.05671982,0.03653899,0.004032469,0.019323315,0.08460404,0.040019825,0.049502082,0.078500904,0.04789981,0.063944384,0.115374096,0.029048292,0.019719448,0.028621787,0.08497261,0.053596146,0.01879829,0.03892246,0.099453285,0.059636094,0.023274926,0.0067669163,0.018191854,0.012669786,0.0390041,0.048391968,0.014036031,0.060273763,0.07808115,0.06685082,0.019542366,0.119563565,0.0023159215,0.019177837,0.060563523,0.0341694,0.020398062,0.015717067,0.027418647,0.05112787,0.016622806,0.08407083,0.10146274,0.043422945,0.011649978,0.033884842,0.031713102,0.06292717,0.11593026,0.099118434,0.011774617,0.11053379,0.031915437,0.08733589,0.009922774,0.009747576,0.05117756,0.0843522,0.009724753,0.11716926,0.014694244,0.05147805,0.0012961531,0.04064776,0.04649709
Person30,0.09640971,0.06359422,0.09502684,0.013908388,0.0010031917,0.055107813,0.030275961,0.05840935,0.008537205,0.13082203,0.029293364,0.0935243,0.050719943,0.07071751,0.036566578,0.013655068,0.06683075,0.052595213,0.014466471,0.086878166,0.0051721,0.096280694,0.000416341,0.056133885,0.22378871,0.09633251,0.044255193,0.07966531,0.008665376,0.05148529,0.0679424,0.062240172,0.10128771,0.06132529,0.033412777,0.072620876,0.113977864,0.076457,0.07953891,0.005370226,0.10596861,0.024215464,0.02493836,0.080382206,0.12698102,0.07924128,0.05727961,0.10913044,0.098721065,0.0053945067,0.08667138,0.09187172,0.11993935,0.038867615,0.07299975,0.048108686,0.06800279,0.080630064,0.004683695,0.06406467,0.019309146,0.07517263,0.046487115,0.07183296,0.10603287,0.0018423686,0.06265142,0.056029435,0.105839506,0.13363345,0.030479476,0.07388348,0.082969114,0.10862952,0.059908308,0.05657281,0.098639995,0.14851683,0.0470522,0.030535635,0.052138858,0.059984807,0.11772182,0.052335635,0.014724512,0.052913815,0.026120659,0.08497682,0.11367797,0.048901368,0.10964744,0.09952792,0.09313011,0.047689334,0.0823948,0.0011105282,0.041581053,0.07961026,0.03166069,0.037521627,0.03637061,0.070812605,0.15039662,0.051701713,0.09924415,0.043285556,0.12829778,0.03602594,0.09450903,0.068584934,0.070252106,0.2157979,0.10517758,0.03633506,0.13734952,0.04894523,0.14670576,0.039233115,0.0034136223,0.0747423,0.07820006,0.01340612,0.15747808,0.03638811,0.11213835,0.0046262904,0.114590175,0.12811626
Person35,0.02043915,0.014181257,0.044744805,0.0012024968,0.0035634856,0.0072227027,0.0021202702,0.0031126947,0.001682889,0.06477763,0.07600696,0.16207615,0.0075186184,0.0358322,0.015586504,0.020609867,0.12410604,0.001150939,0.0014986142,0.08189779,0.0022131572,0.15515393,0.0008917645,0.013765478,0.08515991,0.1042011,0.005870029,0.012877064,0.005968587,0.11544973,0.039949037,0.015063729,0.01817145,0.01327053,0.047394417,0.008200548,0.028028792,0.14795116,0.020204278,0.020254554,0.044438697,0.011291783,0.0016870874,0.024478076,0.11929687,0.024941346,0.040318042,0.03599534,0.045094084,0.0,0.022906385,0.041830134,0.031545516,0.026372608,0.0072799204,0.043825943,0.046186015,0.02853737,0.0013093501,0.049737383,0.00075596286,0.017000472,0.008377816,0.046831436,0.015310631,0.0004542127,0.010557131,0.07392488,0.01893605,0.026353836,0.081712626,0.03897715,0.0597586,0.09690759,0.023194872,0.0027209846,0.008499625,0.0738445,0.051453352,0.013417697,0.029119419,0.10162271,0.051233917,0.02184954,0.00600491,0.012295138,0.006608298,0.034059715,0.028775234,0.002953949,0.042686224,0.06724389,0.049214058,0.008925477,0.106281646,0.0006100722,0.01124571,0.054981418,0.015264506,0.015677338,0.0074930093,0.010052183,0.03217741,0.0070270724,0.06283601,0.09492003,0.027883818,0.005888764,0.016973136,0.012635319,0.054538738,0.089073956,0.08849147,0.0066722506,0.10325732,0.020916035,0.07138768,0.007417524,0.012555034,0.04279108,0.09096009,0.01423372,0.10813806,0.010416295,0.03061657,0.0011993693,0.020344581,0.02982366
Person11,0.07879673,0.046217974,0.0750383,0.01791967,0.0019643628,0.029603671,0.0075492766,0.041372105,0.0018951927,0.10935384,0.042116772,0.10535939,0.059636313,0.042068027,0.002234273,0.046875965,0.071806155,0.0132775875,0.0027777473,0.07803187,0.005903939,0.084748805,0.0048144385,0.04168828,0.14644478,0.11548703,0.034730267,0.04841688,0.009328121,0.064737625,0.04414908,0.045874268,0.03240835,0.045430105,0.033570766,0.0575297,0.10105892,0.09924527,0.042822395,0.010181944,0.098951116,0.0020894208,0.02897597,0.03087733,0.12740071,0.046609525,0.03641741,0.09343411,0.06854645,0.0020359869,0.06700252,0.057605773,0.08212793,0.035942238,0.032100577,0.049322933,0.05447985,0.059260845,0.0014124169,0.035551768,0.020636028,0.051319536,0.02176505,0.07432525,0.055242296,0.00036128316,0.021880282,0.06645057,0.07066889,0.10048956,0.034553856,0.08078824,0.08504522,0.096258916,0.03006588,0.022138307,0.0561927,0.080986045,0.046407927,0.027895369,0.042715866,0.06272628,0.1277185,0.05952311,0.0078094834,0.016385451,0.013799526,0.08105385,0.08248591,0.016864683,0.06699144,0.052150942,0.070003666,0.032332726,0.073033445,0.00019176364,0.015072423,0.049533397,0.018757723,0.033907615,0.020660069,0.05257092,0.13345605,0.017976688,0.06034464,0.05066902,0.043554083,0.02148307,0.07291242,0.046412975,0.045522094,0.18323936,0.07104486,0.008063248,0.13455631,0.02580725,0.09069238,0.01822414,0.005237702,0.067317665,0.08408792,0.04587834,0.13372076,0.032890625,0.10187253,0.0011426472,0.07425285,0.07030853
Person13,0.04588024,0.044068255,0.083153166,0.020895595,0.0034732623,0.030834094,0.015680088,0.008455608,0.007938685,0.07191777,0.06766299,0.17552213,0.018676702,0.066936955,0.0048876135,0.003509919,0.13547058,0.02501149,0.0012990884,0.09884481,0.013751899,0.20029566,0.002187665,0.029055988,0.11391904,0.1203039,0.01220488,0.04791341,0.021475226,0.111685105,0.07147712,0.03639201,0.039736092,0.035074603,0.065459065,0.072397046,0.056349237,0.16932182,0.043216266,0.01298182,0.06520843,0.01130655,0.011486434,0.057661083,0.17042065,0.033593956,0.0691672,0.06747455,0.0638809,0.002552527,0.06298935,0.068197325,0.06495568,0.028337538,0.029373191,0.07866691,0.06213252,0.07827157,0.00509619,0.08311005,0.0090119,0.036975496,0.026703991,0.06312211,0.039629903,0.024447965,0.027817996,0.11322457,0.054399393,0.066400886,0.08394005,0.05000006,0.086814836,0.14604081,0.040072363,0.018602526,0.037815344,0.107334256,0.058481786,0.02695515,0.039424937,0.11157607,0.07598981,0.016749987,0.007759768,0.02438295,0.030392513,0.046655472,0.059846826,0.035839144,0.08005294,0.10026828,0.06893167,0.033194344,0.1540796,0.014967474,0.029420875,0.06326083,0.040635165,0.027021624,0.014560717,0.04297805,0.04469103,0.023581885,0.122138284,0.13577603,0.064868145,0.009698975,0.04054856,0.029720638,0.093319684,0.15770486,0.12977739,0.017060222,0.111469194,0.047892194,0.10250581,0.01387214,0.008101103,0.06799804,0.093018,0.003779419,0.12971063,0.0138854645,0.06644058,0.0010219194,0.05803921,0.04186489
Person15,0.10160777,0.09765238,0.1388404,0.033910003,0.0055022417,0.111270994,0.04484714,0.07590152,0.030522509,0.06733363,0.016437277,0.058324788,0.027690355,0.06525591,0.026894374,0.0040762536,0.02947731,0.090821095,0.015012983,0.07606288,0.028419888,0.060548235,0.011624397,0.050639708,0.2464036,0.102562524,0.033073943,0.115698814,0.03426858,0.03129626,0.12653181,0.09261352,0.1517383,0.04900452,0.052520607,0.0590014,0.13275696,0.08230847,0.13080701,0.004510091,0.082890235,0.026554903,0.042224854,0.10179428,0.09254515,0.016765945,0.05099992,0.10840537,0.120972954,0.012187547,0.12503162,0.15312596,0.15802655,0.032361086,0.1434565,0.02830682,0.081830345,0.10713691,0.013827909,0.045348536,0.028319139,0.10310609,0.11534434,0.082385235,0.14078654,0.020579178,0.05895074,0.044215787,0.16136372,0.16281143,0.013746646,0.057625737,0.06363883,0.0981938,0.104872115,0.08508348,0.16073364,0.18791345,0.04550994,0.025176272,0.0076447697,0.03340639,0.111946106,0.04987798,0.029239813,0.09035279,0.06014244,0.10477705,0.087205626,0.10855905,0.1568908,0.1560872,0.06403617,0.075227074,0.07681522,0.008440919,0.077351704,0.08044156,0.023331055,0.044712886,0.02163246,0.09848987,0.12933815,0.1035911,0.11265513,0.042996384,0.18106078,0.025251716,0.08231308,0.055443995,0.093733296,0.2716697,0.12239044,0.059879206,0.1507401,0.09762029,0.16706783,0.068410695,0.0035307622,0.13760191,0.07525303,0.0018402296,0.17671844,0.03713826,0.10751777,0.0083935205,0.16840343,0.09338937
Person50,0.047125626,0.056867894,0.07851562,0.020417739,0.00547172,0.038982373,0.014982377,0.03187338,0.005194448,0.051809825,0.053518992,0.13890482,0.027327536,0.05936711,0.007017059,0.0025470026,0.09112316,0.03168315,0.007697894,0.073471524,0.008927386,0.12035644,0.0056169354,0.028627768,0.13272564,0.108376764,0.015931813,0.04674225,0.016304743,0.08171285,0.06670173,0.043354705,0.04816306,0.034552127,0.051173154,0.03979253,0.066958286,0.11916021,0.048798636,0.013756946,0.054321237,0.0036923587,0.030013204,0.052552424,0.11871647,0.02587257,0.044980485,0.062431958,0.07023014,0.0062981523,0.06133285,0.06991942,0.06991076,0.029251633,0.048163038,0.044356894,0.062029973,0.05692474,0.0041855006,0.054541554,0.017494107,0.040286668,0.03704406,0.068626314,0.055766083,0.0043536727,0.025545454,0.073923826,0.06760863,0.08176377,0.05423298,0.050321344,0.060546827,0.1063605,0.047908757,0.04134109,0.059395626,0.106009156,0.04906716,0.022321908,0.019366968,0.08173698,0.07500504,0.026049444,0.015831985,0.02613513,0.030134188,0.07734912,0.048397057,0.035652645,0.08539996,0.08742529,0.060907,0.02741486,0.09968704,0.0016450703,0.030618375,0.061121576,0.032647572,0.027702475,0.015073889,0.04597126,0.07156785,0.03289272,0.079457715,0.082951345,0.065498054,0.013188359,0.04471369,0.029615046,0.05878629,0.1634011,0.08606862,0.021780254,0.124370284,0.045083765,0.094559856,0.026217036,0.008223346,0.08178154,0.08118372,0.0036330738,0.13603546,0.018158853,0.06986625,0.0021213659,0.06377308,0.046606023
Person6,0.0297017,0.023166552,0.059049726,0.009774648,0.0044743028,0.01918951,0.008323756,0.007387632,0.002754549,0.054785673,0.07387407,0.18068425,0.021459619,0.05410798,0.0037533676,0.003385183,0.13114616,0.01075354,0.0018766621,0.08236999,0.006856513,0.17888473,0.00367852,0.015790466,0.09569746,0.10208678,0.008611412,0.03174273,0.014614216,0.11277372,0.055177495,0.028178861,0.024748689,0.025466,0.056619294,0.031086283,0.038745802,0.14897738,0.025555914,0.016138323,0.040530697,0.008449635,0.015305845,0.04208024,0.13561124,0.02334339,0.05668468,0.04588436,0.05115995,0.0012731461,0.04285357,0.05261982,0.043410707,0.029426847,0.018798355,0.0705805,0.056638557,0.053975787,0.0012182967,0.06633098,0.008245685,0.022174248,0.02072763,0.05517468,0.03190817,0.011456958,0.013844836,0.08847514,0.0434368,0.04851524,0.091344886,0.037931934,0.06343434,0.11613381,0.034242664,0.023592541,0.02649929,0.08060801,0.054569203,0.016585918,0.028174767,0.10589861,0.046498984,0.014700527,0.007329095,0.016964115,0.019809393,0.038901325,0.03526272,0.018330082,0.06417042,0.085754015,0.06150118,0.019717662,0.13277449,0.005113832,0.021973247,0.058315434,0.039554782,0.018846652,0.011468073,0.028337017,0.03334928,0.02077896,0.084241726,0.12253769,0.035777766,0.008901905,0.025898581,0.025181085,0.06893058,0.10018441,0.10049601,0.010816765,0.10604757,0.039679486,0.07771539,0.011066408,0.010311648,0.055036146,0.081577554,0.004416304,0.11741202,0.010689627,0.041510966,0.0010058555,0.036387388,0.034083977
Person58,0.08331383,0.06850645,0.12245961,0.037585806,0.011241811,0.0767971,0.0335756,0.042533297,0.029974787,0.07455676,0.037291482,0.096706755,0.0028129953,0.08409494,0.09961593,0.0028052307,0.07453067,0.07397535,0.025022322,0.09602487,0.038537372,0.12095506,0.0041858475,0.03966608,0.21182056,0.11688781,0.017064389,0.087833405,0.010913145,0.07342666,0.107983135,0.059731137,0.14527987,0.024566872,0.059191402,0.03877847,0.07896897,0.1491514,0.113652945,0.009139903,0.08380178,0.06369698,0.00866076,0.09072018,0.117990114,0.048311587,0.066465154,0.078827076,0.11366221,3.9390492e-05,0.09303063,0.12409312,0.11845824,0.027864037,0.09390767,0.031634957,0.069010146,0.09525718,0.015697626,0.07394273,0.0067572757,0.07447288,0.07553309,0.058128566,0.09664792,0.010298297,0.07418606,0.064027876,0.10030959,0.1125353,0.039119992,0.049479134,0.09104334,0.12548354,0.092964314,0.028030036,0.09422788,0.20125291,0.05137959,0.015242066,0.021829423,0.070413925,0.105111025,0.030299436,0.020781346,0.102900095,0.041294254,0.08853061,0.07261211,0.077536665,0.110890456,0.1493898,0.052474532,0.046075165,0.10953082,0.027520888,0.08053139,0.10687554,0.009483852,0.039863266,0.02308979,0.060336344,0.08790453,0.0954162,0.13490131,0.07220071,0.19769564,0.024458906,0.053499594,0.025775362,0.11278736,0.23298474,0.13909134,0.06534326,0.12585604,0.08512424,0.1625392,0.053496186,0.0033802437,0.109102465,0.11285828,0.00023408562,0.16656998,0.027746594,0.06562219,0.007336847,0.11687768,0.0848717
Person5,0.0082478,0.010269664,0.037443522,0.0003812296,0.0029395544,0.0035204003,0.0014004926,0.0013226947,0.0009772774,0.03869113,0.08679219,0.1877713,0.0034667419,0.034271333,0.0038975633,0.005361782,0.14062384,0.0003964318,0.0011944957,0.07676265,0.0013728136,0.17341611,0.00041448296,0.007150188,0.06468598,0.09380126,0.0017420544,0.006777354,0.0057370993,0.12629068,0.03959912,0.00955031,0.009034499,0.009316016,0.048914965,0.0029607816,0.013208108,0.15502617,0.011545881,0.023736168,0.02188512,0.0036865252,0.0016607044,0.024301035,0.11418252,0.009553238,0.04061969,0.021188086,0.03882541,0.0,0.014666825,0.04019147,0.019103691,0.023570308,0.0042517106,0.05137737,0.04456008,0.025706131,0.00044544207,0.053262927,0.0008271702,0.007835453,0.0068562846,0.04391448,0.009508707,0.0002457246,0.004640614,0.07725247,0.011488671,0.0154721085,0.100051895,0.025791394,0.04709616,0.09902937,0.022773014,0.002561007,0.005504186,0.06459364,0.051531486,0.012174235,0.016598998,0.11265662,0.024592279,0.009524995,0.006799296,0.007198062,0.006365439,0.024296299,0.012784589,0.00207257,0.041011132,0.07050094,0.04452588,0.004431204,0.11574213,0.00028577552,0.011389418,0.05182466,0.025154168,0.010231155,0.0037731389,0.006471189,0.013259761,0.0053270836,0.056983083,0.113541804,0.012387286,0.0020274264,0.0071546845,0.0054362975,0.054503564,0.06244696,0.08307857,0.0048069693,0.0958908,0.018762456,0.060468923,0.0063302587,0.015220663,0.039144732,0.08754186,0.003726342,0.10272123,0.0044409335,0.017559247,0.0008084045,0.009762157,0.013999269
Person24,0.026329476,0.027130125,0.053943805,0.007632323,0.004201813,0.015427091,0.005183843,0.010520008,0.0026202602,0.03871126,0.07110609,0.15186173,0.012949809,0.03691763,0.0032460685,0.007942399,0.11065825,0.006171674,0.0029730883,0.07534711,0.006693361,0.13204661,0.0082364725,0.015314734,0.08628785,0.11037246,0.0051720683,0.020386312,0.00973522,0.1061828,0.047594797,0.021492759,0.020519482,0.0152881285,0.047710236,0.009104936,0.03743914,0.14447883,0.026818428,0.01991876,0.03961206,0.006243318,0.009463179,0.024262732,0.10723019,0.0104345195,0.036721803,0.036787808,0.049064744,0.00044484943,0.032962218,0.052175034,0.037048403,0.025832856,0.019815916,0.039166387,0.048980217,0.032071754,0.001610297,0.041658785,0.006650969,0.020130012,0.016827142,0.054423667,0.020682452,0.0025769467,0.0077367034,0.07361878,0.03324416,0.041562643,0.07171729,0.040396105,0.052801732,0.09454789,0.028272782,0.006982586,0.022762822,0.07313385,0.04972844,0.01504175,0.01061106,0.09410111,0.054746415,0.01825222,0.009729096,0.011247508,0.014237908,0.056099903,0.021837553,0.010953615,0.052737955,0.06728871,0.040537983,0.011604219,0.10242653,0.0008993613,0.014484327,0.048129518,0.013174822,0.020403938,0.0051398333,0.020710733,0.039602228,0.014001455,0.057336986,0.092438616,0.023175305,0.005789031,0.019697897,0.012120802,0.050348178,0.109463975,0.074160345,0.00798577,0.10918585,0.026231404,0.06768353,0.01286809,0.013169377,0.061311282,0.08891312,0.0084334025,0.11355267,0.012312478,0.036584537,0.0009987518,0.028739396,0.026482625
Person3,0.06610207,0.02620667,0.06895542,0.001380861,0.00039821296,0.038696606,0.042601958,0.02489,0.013441857,0.16540137,0.04401341,0.15211734,0.028779127,0.10178493,0.11429622,0.009107837,0.12440002,0.056148503,0.019525032,0.09369006,0.0050704167,0.1785145,0.0,0.032884385,0.2575062,0.051624164,0.04024211,0.069703005,0.0053582015,0.08290682,0.06764951,0.050682668,0.12217392,0.0640576,0.04881767,0.03741835,0.05882594,0.07240011,0.06699352,0.007744309,0.06044289,0.055869047,0.012966006,0.14193287,0.13755633,0.15120783,0.093615256,0.079760954,0.085737474,2.8288548e-06,0.060336642,0.08332016,0.10060875,0.043158267,0.06139665,0.07805229,0.07448718,0.06562527,0.0058046277,0.13650078,0.003367223,0.063455835,0.0512412,0.0365734,0.12094246,0.0017466616,0.083568685,0.046580166,0.07354116,0.081123605,0.08290886,0.031643562,0.058707044,0.111859836,0.060243323,0.09540275,0.081114024,0.18247251,0.054219995,0.014805461,0.108396605,0.098895036,0.030990772,0.030779434,0.011051641,0.10943639,0.011463357,0.028043112,0.10747415,0.04808661,0.10980696,0.17123559,0.14359643,0.03850618,0.11139616,0.0021415595,0.087015614,0.13913618,0.06899733,0.023245616,0.06351334,0.04232156,0.09344719,0.078435756,0.13562684,0.068114854,0.19577962,0.05179783,0.07295145,0.090132244,0.10657331,0.114104345,0.15362848,0.06410007,0.1079567,0.06925303,0.16226862,0.029767854,0.0053115645,0.03754876,0.06533757,1.990391e-05,0.14574939,0.027010905,0.05969174,0.01084743,0.089784905,0.17319062
Person44,0.039429843,0.022656124,0.056829974,0.005295371,0.0020628176,0.016596237,0.006351203,0.007258803,0.0041837967,0.1007404,0.06633263,0.14505993,0.015751315,0.04615561,0.0108529255,0.023648836,0.116608284,0.007528023,0.0011962156,0.091381565,0.003529348,0.1539136,0.000526597,0.023494955,0.12174137,0.10839371,0.013935874,0.02998781,0.0067871944,0.10283072,0.044414315,0.027559737,0.034502994,0.025143076,0.048122652,0.029241577,0.052184027,0.13955007,0.03219856,0.015014404,0.068046995,0.0129379695,0.0034182684,0.03515314,0.14384645,0.047815785,0.049759265,0.064072765,0.05638976,0.0,0.042279612,0.048665572,0.05418724,0.030845864,0.017113544,0.050111827,0.051501155,0.043559708,0.002682412,0.059326723,0.0017157741,0.030214135,0.012375448,0.053344592,0.034619663,0.0015285974,0.02496064,0.08020088,0.035081696,0.04891467,0.069288984,0.053836286,0.0735453,0.113918975,0.024880698,0.007823427,0.02322544,0.095063,0.053184133,0.018704433,0.049444743,0.09319169,0.07656428,0.030447021,0.0062037325,0.020023748,0.00817698,0.039299887,0.058146387,0.009056568,0.056724843,0.07265549,0.07051172,0.018666131,0.11096311,0.0020793418,0.0151759535,0.06359346,0.0167992,0.022251392,0.014841505,0.02221041,0.05806714,0.01232822,0.08406464,0.0862236,0.051978517,0.012110718,0.03833511,0.029407991,0.061372574,0.1300576,0.10031081,0.01030005,0.11466055,0.022462435,0.094095334,0.009769821,0.009408626,0.04708375,0.08971261,0.016127957,0.11807907,0.016584292,0.060361173,0.0014907349,0.040734604,0.0525462
Person1,0.027225083,0.017827487,0.04863428,0.003957398,0.0033594347,0.009839841,0.004277376,0.0048136846,0.002701267,0.07306405,0.07413418,0.15743475,0.0116274515,0.04007538,0.0091049615,0.021120809,0.12212634,0.0031995694,0.0009714542,0.0849368,0.0031806822,0.15673448,0.0014186971,0.016510077,0.09442241,0.10546501,0.009893735,0.01854093,0.0066331187,0.1121273,0.042238764,0.018588372,0.021356152,0.017881902,0.049340557,0.016872147,0.03642172,0.14806429,0.022951504,0.018365579,0.051980544,0.009384184,0.0026740362,0.027068231,0.13108447,0.03131802,0.04473883,0.045456473,0.0485559,1.8113198e-05,0.030631252,0.042253945,0.03914519,0.028747955,0.009017413,0.05028189,0.048686225,0.03783464,0.0011570755,0.054211725,0.002505099,0.020740718,0.011300755,0.050696585,0.020447738,0.0017582185,0.013758927,0.07980045,0.025764931,0.033138737,0.07878112,0.043805037,0.06733938,0.10565256,0.023319962,0.0058923434,0.015074881,0.07916223,0.05291485,0.015578058,0.035915982,0.10071701,0.05949272,0.024279004,0.005979191,0.01263197,0.007791887,0.035327956,0.03872194,0.006583168,0.04694183,0.068537064,0.05735186,0.013760237,0.11062828,0.0017089664,0.01240211,0.057705965,0.013857321,0.01793852,0.010240074,0.016236147,0.03966263,0.008057158,0.07096366,0.096227735,0.032281235,0.008940248,0.023529666,0.019965503,0.058190573,0.10205131,0.09207743,0.006870123,0.10674656,0.022697594,0.07695489,0.0072646583,0.011331414,0.046108477,0.09100798,0.01429988,0.110645846,0.012429812,0.042007286,0.0011912844,0.029051136,0.037234526
Person43_06,0.023749886,0.018775484,0.051055424,0.0053970413,0.0014942144,0.012959877,0.0045603565,0.0044074636,0.002438874,0.054413706,0.07566905,0.1747048,0.008809657,0.04712013,0.0015752169,0.0038262112,0.1303998,0.0071362583,0.0010878713,0.083823904,0.0035526212,0.17180637,0.0006740048,0.015915073,0.08943581,0.103331484,0.007622433,0.02242901,0.008962067,0.11593418,0.047431223,0.021666273,0.019694548,0.019966634,0.05265411,0.02232682,0.030632783,0.15183774,0.022436414,0.01828346,0.03724836,0.0019158905,0.0076365964,0.037424874,0.13555297,0.018097077,0.046576265,0.043189015,0.04755787,9.2936185e-05,0.03225605,0.042609245,0.037499063,0.02607895,0.013773393,0.057773605,0.052012246,0.04486706,0.0015180927,0.06122956,0.0042741504,0.01782995,0.010919802,0.05386705,0.026939217,0.0017821789,0.014720414,0.09176578,0.026902923,0.037565622,0.08692624,0.037025146,0.060546584,0.116835624,0.028953396,0.011273626,0.01877951,0.08290402,0.05350473,0.016657619,0.023121243,0.107958965,0.044521775,0.013003708,0.007486714,0.0127280485,0.0107681,0.033218045,0.033174403,0.010928094,0.056402758,0.07869151,0.05879983,0.013949693,0.12485031,0.0017868428,0.014572631,0.05834522,0.025217414,0.016071172,0.008503359,0.020229952,0.027756577,0.012813509,0.07854518,0.11077198,0.033921916,0.005069432,0.022066597,0.017112743,0.062189616,0.101666555,0.09412559,0.009396803,0.10734636,0.026781399,0.07825404,0.008495908,0.011937076,0.049262933,0.089404434,0.0026774528,0.114190854,0.009683744,0.042272676,0.00084546884,0.02654778,0.028796896
Person27,0.17145903,0.05827104,0.07402735,0.0125351045,0.0,0.059654552,0.031244311,0.12757072,0.0038261544,0.25598028,0.0077402373,0.05895778,0.16468267,0.022499433,0.040182598,0.13279067,0.02364442,0.030060431,0.007373772,0.06283279,0.0046774577,0.02074408,0.004021319,0.05732999,0.25602132,0.06826472,0.09652293,0.09587581,0.014601502,0.011184531,0.041601803,0.08159331,0.07726494,0.09961284,0.0046987426,0.061790287,0.17769094,0.0044530397,0.060993716,0.0044870577,0.13924,0.04779988,0.075221844,0.039097548,0.08048883,0.105770916,0.018111173,0.15259758,0.09848488,0.013890265,0.10647325,0.091446295,0.13717955,0.05247975,0.07252973,0.07496496,0.05519877,0.07078972,0.0029398797,0.016040336,0.04753103,0.109016776,0.07628353,0.06632619,0.153268,0.00035410727,0.042550143,0.016760709,0.15135103,0.19192083,0.0049845274,0.10528588,0.050653026,0.03960701,0.044467967,0.0726102,0.13892215,0.05953572,0.03745945,0.027230645,0.097872026,0.01614447,0.13447474,0.12099416,0.008152001,0.02533096,0.017819334,0.09791444,0.14332484,0.025340235,0.08802734,0.023862299,0.11928641,0.060548496,0.017956497,0.0,0.015012745,0.025730804,0.056197222,0.039033405,0.061610244,0.09668281,0.2950294,0.026805365,0.022783427,0.00796499,0.09576149,0.075331174,0.15446304,0.145315,0.025952995,0.16820125,0.046505366,0.007193223,0.13970037,0.03649809,0.109999985,0.043194097,0.0039551337,0.04979948,0.036878686,0.09111832,0.15665211,0.06923138,0.113278046,0.0028831412,0.15679397,0.23682563
Person54_20,0.09844218,0.027526649,0.05243548,0.0050813006,0.000629633,0.02251056,0.011296595,0.049645185,0.0011202703,0.22195728,0.035749093,0.10586759,0.116754666,0.038667485,0.0038348932,0.121169895,0.08838894,0.0075134262,0.0012290807,0.073728465,0.0022049004,0.095246345,0.00091814663,0.045191575,0.18681213,0.08109921,0.07217219,0.04448982,0.005731639,0.058632426,0.030089922,0.047448054,0.02393735,0.08085453,0.025594857,0.08418919,0.11772537,0.055854242,0.024405709,0.0060916785,0.12142518,0.0057352385,0.042526152,0.033939622,0.1563837,0.11919059,0.044861507,0.12654635,0.05790342,0.0030007786,0.06786515,0.04365208,0.086100526,0.05300287,0.022478046,0.10677919,0.054783218,0.05595798,0.0009619474,0.046473,0.028889056,0.055427514,0.019450877,0.06571276,0.07683749,5.8803134e-06,0.032300197,0.052955415,0.06948533,0.10698833,0.029859196,0.09397693,0.07889636,0.08526629,0.024186227,0.03746388,0.061291035,0.071667,0.04662455,0.029509667,0.12735774,0.05982226,0.11262243,0.09551952,0.0028893028,0.017639471,0.0064179166,0.045942377,0.13376625,0.006766713,0.05874028,0.043404702,0.14317319,0.03680488,0.059387222,6.187454e-05,0.016486129,0.053297997,0.04563148,0.02528266,0.04997508,0.054170184,0.18969125,0.014099547,0.05324909,0.034949534,0.04510126,0.047618225,0.10974926,0.098494604,0.04020136,0.14312363,0.072248295,0.0075550247,0.13117917,0.020822806,0.08924355,0.0077662533,0.0039058137,0.031569187,0.059348293,0.09307598,0.12482205,0.044734374,0.11776448,0.0016711624,0.08080809,0.12677255
Person7,0.057563774,0.063916795,0.102122866,0.030648438,0.004716534,0.053049147,0.017243573,0.034336668,0.010091048,0.0478136,0.052964397,0.13445333,0.015034196,0.066237636,0.016151406,0.0025351502,0.095482685,0.04813257,0.009829408,0.09015294,0.025015537,0.14135104,0.0030322205,0.035699293,0.14313605,0.12116309,0.011910222,0.059174784,0.0127435075,0.08919236,0.08578838,0.047620524,0.076260485,0.028368706,0.061748143,0.048039444,0.07129538,0.1553012,0.0739273,0.010441419,0.06889021,0.020897739,0.016016401,0.059988987,0.12639822,0.02154658,0.053550526,0.067511044,0.08608653,0.0010167998,0.0736343,0.093083136,0.08608489,0.026188705,0.0614302,0.04384306,0.06247878,0.075146586,0.008131531,0.06318898,0.011045361,0.051396526,0.05154931,0.067895025,0.055030737,0.01326628,0.039221756,0.085849375,0.0781508,0.08992723,0.054647945,0.052012935,0.07820251,0.12847185,0.064034306,0.026658306,0.06255046,0.13532831,0.052228797,0.023121769,0.013804814,0.077497,0.09663172,0.023003021,0.016780818,0.047224514,0.04129064,0.083000824,0.054838642,0.052110624,0.092618234,0.10965866,0.05055491,0.03441798,0.12543307,0.01896736,0.038892854,0.06735465,0.025808606,0.03477567,0.013070086,0.05063911,0.069665834,0.049033504,0.11584956,0.09758416,0.09436696,0.009027749,0.041414183,0.019692002,0.086722665,0.20406559,0.1134757,0.030582713,0.12476353,0.058277827,0.11766273,0.03441593,0.005919822,0.098173216,0.09951863,0.0032569354,0.14604273,0.017330652,0.07098001,0.0029098142,0.079321474,0.037780505
Person37,0.05396399,0.04466998,0.07131007,0.016909318,0.0040963585,0.026574312,0.009562192,0.028216096,0.002902511,0.06332392,0.053002495,0.12157413,0.03732973,0.042930063,0.0052816086,0.023132062,0.08348174,0.011834346,0.0035610353,0.07360556,0.007866692,0.100190364,0.012235405,0.02863979,0.115016885,0.1195954,0.018211182,0.037022825,0.013624444,0.08322387,0.04967867,0.03661777,0.02905879,0.030800194,0.042370763,0.03169447,0.07265918,0.118696444,0.037787266,0.013490597,0.071378395,0.0034007423,0.022337927,0.03056202,0.1132198,0.025812365,0.034840647,0.0636752,0.062057104,0.0030677747,0.05410023,0.053651128,0.06266295,0.0310353,0.031003058,0.041208886,0.053925272,0.04566727,0.002389026,0.03906301,0.017187456,0.037469458,0.022474201,0.06856912,0.039518435,0.0025474466,0.014823332,0.07110302,0.057660524,0.078937165,0.048277237,0.06176052,0.06931646,0.092600055,0.03239572,0.020687448,0.0415327,0.07673135,0.047879733,0.022008236,0.023041392,0.0749854,0.09955084,0.04092823,0.009948236,0.015555834,0.019108566,0.08429815,0.04913745,0.016304126,0.06436345,0.059252482,0.05289058,0.023211947,0.08266172,0.00059599505,0.01694833,0.04790487,0.014226124,0.030135365,0.012458102,0.04006077,0.08829663,0.017876843,0.05633221,0.07045024,0.03990796,0.014806702,0.04677635,0.029218927,0.045508314,0.15563558,0.06594908,0.009606627,0.12384532,0.027985312,0.079440035,0.018572675,0.00916245,0.072430536,0.088298485,0.02910912,0.12559071,0.0240805,0.07089171,0.001239951,0.055959936,0.052136693
Person59_06,0.02453629,0.04386576,0.080770925,0.054390963,0.052105978,0.039827228,0.018654188,0.0038470565,0.031390768,0.02904939,0.07249865,0.19963695,0.0008681244,0.066674195,0.01858246,9.055073e-05,0.13526954,0.029055484,0.004574474,0.08380907,0.039456338,0.22575568,0.039535645,0.008995406,0.07516903,0.109490275,0.0022187703,0.0515546,0.041919902,0.12626588,0.0966094,0.041216094,0.031250026,0.013229982,0.09977562,0.036973704,0.027465982,0.20400122,0.042375308,0.018206205,0.019910553,0.009648656,0.01842736,0.055783074,0.15160374,0.009942352,0.07002107,0.037336092,0.06445671,0.008602369,0.064047545,0.09410657,0.052643,0.018507043,0.03913133,0.08660909,0.06553296,0.081633784,0.011643261,0.09234143,0.008610276,0.030552069,0.04760063,0.053887688,0.029928751,0.071345866,0.012200068,0.13333327,0.0566577,0.048104703,0.09812828,0.022529153,0.06793011,0.13888367,0.053318564,0.021025568,0.036608055,0.09817701,0.05840068,0.012606323,0.021042095,0.10954426,0.039530702,0.0072124056,0.015920926,0.03088843,0.06405279,0.04206768,0.015174274,0.058446955,0.0822681,0.11614621,0.04615127,0.03394079,0.16762207,0.051732343,0.04638687,0.057607703,0.056219123,0.02578765,0.0044542435,0.03129324,0.011588153,0.031692326,0.119788915,0.18883982,0.06785367,0.0028259933,0.010397096,0.0071590794,0.09750709,0.10631941,0.13244145,0.02678813,0.10016959,0.0823197,0.076241314,0.019010363,0.0103550255,0.09004845,0.09842256,0.00047322185,0.13208318,0.0047208057,0.021564528,0.0010353785,0.04681207,0.012183066
Person10,0.039323516,0.07343026,0.08879225,0.027927537,0.0058871,0.04944361,0.025160933,0.04180426,0.006813352,0.042108845,0.056875944,0.18868867,0.05263642,0.06474143,0.002872188,0.00061995833,0.10271355,0.047771115,0.0044998256,0.06817654,0.013670295,0.14987457,0.011574627,0.027476707,0.12414569,0.097834244,0.014843572,0.059154592,0.05052744,0.089908205,0.08762475,0.055065226,0.034778785,0.052677665,0.067156374,0.05262998,0.06206531,0.117067136,0.0423463,0.01286491,0.033981223,0.0015610122,0.08280581,0.06648364,0.129375,0.011444496,0.057437252,0.060504127,0.06239636,0.032099504,0.07224963,0.08793808,0.06730098,0.03158519,0.056416225,0.082958,0.075116895,0.076412454,0.005744115,0.06361564,0.03631752,0.04242783,0.063106775,0.07818587,0.06578588,0.030650219,0.015929054,0.08470847,0.09047025,0.095048234,0.06856841,0.03846987,0.05109467,0.102461636,0.067508034,0.107265,0.0796243,0.082600944,0.05204891,0.025739182,0.02116501,0.091755494,0.044950016,0.021315925,0.021125956,0.022752851,0.062457677,0.07148009,0.042281333,0.058624655,0.103285596,0.119698316,0.081083454,0.040838692,0.120578036,0.0034433114,0.043894686,0.052030265,0.10073962,0.024166616,0.01671294,0.063527435,0.058936205,0.03711558,0.09099724,0.1273166,0.04507953,0.010133973,0.043804254,0.04535776,0.06492886,0.13478862,0.09251508,0.017348036,0.12004548,0.08692925,0.08220309,0.027001759,0.0088932635,0.09353475,0.06041376,0.0005263126,0.14108536,0.01407939,0.06426543,0.0022661344,0.072025225,0.03514712
Person45,0.103311844,0.11030447,0.13572752,0.025279893,0.013538163,0.12246196,0.042330172,0.11431171,0.07771752,0.05192087,0.004900809,0.021294508,0.009863024,0.03639053,0.11645739,0.007573188,0.009212576,0.080279544,0.03643875,0.06287264,0.041193582,0.018876057,0.0358692,0.03551719,0.25146893,0.09143907,0.022547323,0.11976353,0.028271548,0.01168242,0.1384431,0.091292515,0.20133695,0.012667182,0.036151998,0.01492098,0.12579457,0.046793275,0.1552788,0.030341098,0.09246562,0.06256169,0.023793647,0.061828002,0.022265267,0.008118189,0.015744494,0.07095956,0.14201386,0.0021338896,0.11330954,0.20381077,0.16058017,0.02963023,0.17214218,0.011803185,0.06740147,0.0723057,0.010914771,0.015150792,0.027384855,0.111400776,0.17435935,0.058826897,0.13882563,0.022348942,0.06768933,0.008613165,0.17148313,0.17278843,0.0049813655,0.04124827,0.038708106,0.042793363,0.11811653,0.048300326,0.17343545,0.19484664,0.038310133,0.008468964,0.0020308134,0.0055074035,0.09989609,0.058534063,0.050068792,0.1311332,0.0626194,0.12524536,0.05848171,0.118207805,0.12439801,0.123482436,0.018504113,0.064017676,0.030250391,0.008801684,0.106161304,0.083747074,0.004086378,0.046097897,0.01724767,0.08094015,0.15130442,0.1287982,0.0627366,0.009403858,0.21351923,0.033693075,0.06671513,0.045199748,0.07111475,0.26712692,0.091470264,0.0741338,0.14272694,0.12946795,0.16216443,0.10053791,0.009319695,0.15626377,0.08110852,0.0028629343,0.18001588,0.04769569,0.058163624,0.013741856,0.19412036,0.10192983
Person22,0.038878307,0.028396962,0.06600223,0.008036139,0.004717815,0.023275973,0.009389349,0.007846909,0.0064671645,0.07151965,0.06179037,0.1428976,0.008826782,0.051875737,0.021429116,0.008283981,0.10728228,0.015124572,0.0052844593,0.08918696,0.007448385,0.14646539,0.0026333733,0.024452705,0.1259742,0.110812314,0.010685574,0.036973797,0.010295374,0.09996706,0.057725567,0.030877754,0.049029518,0.02194306,0.051992573,0.023102501,0.04866907,0.14301337,0.04533872,0.014287974,0.061520603,0.015384594,0.0037620063,0.045445558,0.12917118,0.034421336,0.046333265,0.054629926,0.064533345,0.0,0.044424,0.06077883,0.059679043,0.028323459,0.03088528,0.044784047,0.05486468,0.049546722,0.0036393781,0.062039055,0.0028128445,0.033778068,0.022179672,0.05374098,0.039315786,0.0026873348,0.029231457,0.07725364,0.04797207,0.057200212,0.069612734,0.046767633,0.06767286,0.11298304,0.033749916,0.012643161,0.032472827,0.10931263,0.052481208,0.016194219,0.031065194,0.08919813,0.07261579,0.02235665,0.009904238,0.033639167,0.016138468,0.04728115,0.04995813,0.020384543,0.066008255,0.085688815,0.057182305,0.020171091,0.11045693,0.0036959148,0.02350082,0.07004611,0.018332716,0.024476899,0.012842189,0.026084403,0.052335296,0.025042038,0.08756367,0.08702228,0.067650855,0.01098376,0.033084422,0.02340669,0.067220554,0.14163512,0.103879765,0.019073093,0.114283495,0.03447883,0.10092353,0.019328704,0.009577584,0.06020808,0.094082505,0.0035682486,0.1251008,0.015631592,0.05480325,0.002454446,0.04833428,0.052182805
Person61,0.05944707,0.041374557,0.064323105,0.006092907,0.000469464,0.03724278,0.02770297,0.039183322,0.004407656,0.110402934,0.047098562,0.16909046,0.073400795,0.07476578,0.013606796,0.00744161,0.10297445,0.039734967,0.009842819,0.06818936,0.0027961973,0.13568224,0.0020378595,0.029356658,0.18777865,0.06975508,0.04277265,0.057189904,0.019952437,0.07320376,0.06097554,0.053835962,0.060451396,0.07179894,0.042655956,0.04337448,0.07860461,0.07198718,0.043692887,0.008928877,0.055713028,0.0069130785,0.055737946,0.089799955,0.12459437,0.087285146,0.06979836,0.07940561,0.06667289,0.008477266,0.06345245,0.06707316,0.08510328,0.046204295,0.051895212,0.09069416,0.07743531,0.06870631,0.001004117,0.08525809,0.028214376,0.05024744,0.051522247,0.061634324,0.09779085,0.0030461613,0.038518213,0.04918305,0.092041165,0.10033922,0.06608928,0.045737695,0.043017413,0.09196347,0.049156155,0.11517655,0.08280591,0.10229015,0.049705785,0.019873759,0.0668041,0.08955022,0.04247888,0.035670355,0.015080413,0.040891238,0.02428763,0.049689535,0.08575866,0.036174532,0.09924823,0.1152899,0.124635205,0.03690375,0.10041851,0.00059626164,0.044662252,0.082091674,0.08742328,0.022645853,0.045104112,0.05673034,0.10231112,0.046768133,0.08664756,0.07671444,0.087695576,0.03651323,0.073296554,0.086213864,0.061033584,0.12045866,0.098491184,0.028218217,0.11804352,0.066577174,0.11237232,0.025577247,0.005991975,0.05484214,0.050790377,0.0046870233,0.13769785,0.026049962,0.072996475,0.004916546,0.08456203,0.11088668
Person8,0.024546048,0.022830728,0.051709957,0.0072959727,0.002030119,0.01176655,0.0037109852,0.007394461,0.0019734087,0.047202997,0.07567597,0.16717945,0.014504807,0.04064435,0.001357582,0.0071178786,0.12173025,0.004398534,0.0011663205,0.079947755,0.0044297003,0.15262744,0.003022124,0.016126277,0.081301,0.108756974,0.0064615547,0.018122585,0.008962278,0.11250419,0.04523025,0.018687997,0.016155556,0.018060597,0.04911772,0.018518934,0.033793043,0.1509975,0.021297188,0.018654877,0.040011473,0.0024376302,0.009375842,0.025992407,0.1238952,0.015651442,0.04160662,0.03877957,0.047240157,0.00053442706,0.03031567,0.044349212,0.034459338,0.026467018,0.0117800785,0.04843297,0.048807744,0.037574388,0.0013643962,0.04886643,0.0068521784,0.01690188,0.00981989,0.05598624,0.019388933,0.0012566069,0.009860313,0.08510392,0.027417775,0.038597997,0.08062521,0.04036043,0.059716526,0.1056448,0.02648917,0.0066876896,0.017940173,0.074996404,0.051541794,0.017315378,0.016796244,0.10239853,0.051953588,0.016391356,0.00832734,0.009679551,0.011991573,0.045009926,0.026326887,0.008596428,0.051514577,0.06885849,0.04726869,0.011602295,0.11235714,0.0016641791,0.014197756,0.050347585,0.018563725,0.018183032,0.0066828523,0.0198424,0.035435192,0.010445513,0.066038154,0.10340817,0.022757823,0.0056004133,0.02186392,0.013877241,0.054920696,0.1044464,0.081421964,0.007024326,0.10725906,0.02498202,0.068782926,0.008793294,0.012412438,0.053992778,0.089544825,0.010201914,0.11304217,0.01013072,0.039980665,0.0008363418,0.02472983,0.024157608
Person29,0.048002906,0.04077891,0.07552113,0.012161844,0.0036087744,0.030079003,0.014400527,0.013630697,0.0068845064,0.078928,0.055108722,0.13398455,0.014760595,0.06061799,0.01796438,0.0051622386,0.10365648,0.027127843,0.007141193,0.09291404,0.008725865,0.14136519,0.0012324951,0.03309095,0.14708869,0.11017102,0.015911562,0.044929545,0.009387856,0.09376434,0.06253294,0.036940288,0.058283485,0.03019443,0.052621823,0.040988892,0.06025384,0.13734305,0.053422607,0.01210555,0.06673543,0.013952194,0.007685077,0.057180524,0.13615964,0.04534094,0.050177913,0.065828905,0.071284205,0.000137839,0.055248644,0.0659606,0.071320266,0.029462527,0.037720874,0.046538126,0.059878174,0.056285363,0.004818417,0.06662611,0.005474481,0.0396665,0.02618305,0.06009085,0.05452893,0.0032427248,0.037919812,0.08501061,0.053354137,0.07122225,0.06259706,0.050374106,0.07437894,0.12045532,0.04153145,0.02233185,0.0452012,0.124367274,0.05250557,0.020648144,0.032858804,0.086531326,0.082506806,0.025360761,0.010713368,0.038038094,0.01746322,0.05409383,0.061362177,0.028462455,0.07895544,0.09380437,0.066157326,0.025596946,0.11301043,0.0040484956,0.029734844,0.07706232,0.02330778,0.02719195,0.018282434,0.03459854,0.06673518,0.03128262,0.10029089,0.083792,0.08255604,0.016868198,0.043042354,0.02978459,0.06913028,0.16822557,0.10478166,0.024833279,0.120320946,0.03845158,0.11389723,0.022157723,0.008614848,0.06755717,0.09408043,0.0023492998,0.13222232,0.017795477,0.06836855,0.002785993,0.05868233,0.061902825
Person18,0.05850258,0.14649622,0.15700178,0.13102596,0.07954683,0.097826585,0.034009505,0.059980147,0.041813724,0.026875649,0.050018232,0.15842238,0.017617077,0.06807818,0.013297741,0.0010424237,0.07584458,0.09243135,0.011690013,0.07015163,0.06256902,0.16367881,0.075460374,0.04216444,0.11057094,0.13813032,0.009046801,0.09724807,0.071561575,0.084561475,0.14716563,0.07798763,0.06459901,0.03328822,0.11655489,0.09882208,0.093941756,0.164604,0.09274695,0.02641719,0.047998097,0.0030752816,0.08300821,0.046765156,0.13715787,0.0032740685,0.061394893,0.077687524,0.11283683,0.049317464,0.12803768,0.17104062,0.1088076,0.018283645,0.10608509,0.08042137,0.07466698,0.13123842,0.02344335,0.039373554,0.041881982,0.07496094,0.11231833,0.09856446,0.058655072,0.10097394,0.02037626,0.13728027,0.14267471,0.14269938,0.03528103,0.0492546,0.0858348,0.13784198,0.10087322,0.056893248,0.11484829,0.1138064,0.051191017,0.036379218,0.00499226,0.06431125,0.11249222,0.034135498,0.037023973,0.043465436,0.16265234,0.11031888,0.040325116,0.12394729,0.12696616,0.118368946,0.026148636,0.071232066,0.14506732,0.06601173,0.046935264,0.029601797,0.07568374,0.046370514,0.0061601545,0.08970148,0.07155006,0.042502567,0.12250032,0.18457317,0.08072766,0.002531726,0.046243474,0.022637421,0.09411396,0.22667521,0.10952949,0.031007294,0.1248417,0.12338766,0.09238276,0.05154269,0.008217908,0.17200442,0.09590698,0.0013618189,0.16886699,0.010228016,0.06911697,0.0014215207,0.1219483,0.0070661944
Person4,0.09944176,0.07214079,0.09968042,0.022059347,0.0006779778,0.05995715,0.027416063,0.0658271,0.008319937,0.12543449,0.028830417,0.09715721,0.05530978,0.06826032,0.01840056,0.013574499,0.06479435,0.057283923,0.011234557,0.083381854,0.0066886423,0.09586159,0.0008772941,0.056600533,0.21895435,0.10085709,0.0434417,0.07893705,0.008727486,0.049123835,0.0707003,0.06435712,0.09806703,0.06569331,0.032661546,0.07840598,0.120878406,0.07466021,0.07948944,0.005722047,0.109030545,0.011588448,0.03137784,0.080046415,0.13397023,0.07447673,0.05324363,0.11882549,0.09789571,0.006706264,0.091710076,0.092172146,0.12534788,0.038498938,0.07909023,0.043502543,0.06735949,0.08012255,0.005134914,0.06005755,0.022072831,0.07802919,0.050273933,0.07850789,0.10974487,0.0011122278,0.059137817,0.05678811,0.1063074,0.14062443,0.029703159,0.07849139,0.08033321,0.1110438,0.06387231,0.061989594,0.10876172,0.14457403,0.046542432,0.033653542,0.048175823,0.061501555,0.12182862,0.055419683,0.016583106,0.047624,0.031802684,0.09661693,0.11461494,0.052538037,0.11454077,0.09516787,0.092089966,0.05011503,0.07656263,0.0005916692,0.036420446,0.071388215,0.035089888,0.03703451,0.033017416,0.076766126,0.1631751,0.045917533,0.09842205,0.04405863,0.12670276,0.03370049,0.09955469,0.06780748,0.06977843,0.2300458,0.09959624,0.032694083,0.14363204,0.049297754,0.14707074,0.040238325,0.00321877,0.080423795,0.07635313,0.014340556,0.16102053,0.038158987,0.11991286,0.0036649406,0.11955084,0.119712465
Person51,0.025195524,0.019088918,0.04882801,0.0048729586,0.002871771,0.011373292,0.005110985,0.005185007,0.002450442,0.06568773,0.074666284,0.16335782,0.009182252,0.040143725,0.0060210065,0.01262898,0.12591979,0.0034113077,0.0014506391,0.083424576,0.0031934357,0.15883353,0.001548124,0.015617202,0.09306317,0.10414599,0.007307879,0.019951664,0.0084902225,0.11248418,0.043633197,0.020290922,0.02038688,0.017245486,0.049229536,0.016819037,0.033972397,0.14882894,0.023252336,0.018502275,0.045430582,0.008343676,0.004281902,0.030688934,0.13039471,0.021870213,0.044134427,0.04433486,0.046840485,0.0,0.032176077,0.0446221,0.0376128,0.02730516,0.01325591,0.05144156,0.048957914,0.03731879,0.0015575599,0.05399668,0.0023907423,0.01978606,0.013635588,0.05175862,0.02389125,0.0023178344,0.0127463695,0.08148131,0.02494434,0.035152357,0.07955957,0.041721698,0.058926705,0.10749332,0.025621302,0.008747054,0.016840888,0.07753751,0.052827753,0.014921382,0.029023284,0.1010313,0.05166488,0.020859586,0.0065153786,0.012427152,0.0090178475,0.037879262,0.034005173,0.009027477,0.049279895,0.07024185,0.055413194,0.01343739,0.11679161,0.0013097171,0.012302733,0.054819584,0.01894863,0.018130286,0.008104906,0.017860366,0.034231327,0.010340612,0.071326755,0.10056916,0.028562319,0.006640686,0.021031896,0.01734152,0.05722954,0.10275845,0.08948504,0.007843537,0.1067562,0.022845443,0.07604893,0.00810227,0.011632547,0.04810673,0.08893371,0.010271059,0.110997446,0.01128863,0.040135473,0.0009969483,0.028516741,0.03287155
Person41,0.14636955,0.115004584,0.14144818,0.02609044,2.8431105e-05,0.099119514,0.043664407,0.10883602,0.008368738,0.12190727,0.011041713,0.049344916,0.067550644,0.05945163,0.016351845,0.011841467,0.02484885,0.092249945,0.01410211,0.0857669,0.011147818,0.052840415,0.0010258143,0.08284942,0.25568002,0.11231743,0.053595863,0.118665494,0.014672833,0.021452403,0.099090815,0.09011673,0.14531839,0.08078488,0.026882244,0.1040891,0.17188916,0.048179563,0.12643299,0.003968652,0.13753356,0.016717693,0.041982163,0.078013055,0.113942705,0.045975585,0.029894982,0.13835312,0.13510935,0.018101994,0.12618937,0.14198788,0.16873893,0.034496088,0.1252686,0.026405217,0.06768277,0.10888113,0.0064719827,0.03284853,0.03946722,0.1109078,0.08233593,0.093662314,0.1473498,0.0036980074,0.07462383,0.0563573,0.16209334,0.2028854,0.008748874,0.09022592,0.091730855,0.10631258,0.09832304,0.076592244,0.16493644,0.16535766,0.042895745,0.045137703,0.016464371,0.02701293,0.16556655,0.07114321,0.02270653,0.057571158,0.057654344,0.12994273,0.13102517,0.08153034,0.14428803,0.09791151,0.06684812,0.075978376,0.05407113,0.0025706291,0.0391177,0.055797834,0.03488769,0.047254775,0.028443515,0.11064894,0.22134368,0.06044584,0.10323887,0.026314532,0.15997614,0.034022033,0.1301376,0.081330575,0.06691174,0.31413767,0.095525116,0.040124364,0.16125375,0.061535705,0.17759536,0.069379084,0.0018861679,0.11579647,0.07644261,0.0058134864,0.18556298,0.050945424,0.14878039,0.004841815,0.17948441,0.14868367
Person47,0.019942896,0.027742976,0.06267951,0.021044845,0.012708646,0.020280978,0.008509722,0.0049577234,0.007854265,0.03207754,0.08345684,0.21639699,0.0033122858,0.05820929,0.004105269,0.0001252193,0.15420075,0.023035666,0.003105314,0.09012524,0.014922512,0.22451498,0.002581122,0.011839566,0.07726561,0.10015071,0.0026042925,0.031211512,0.016710246,0.13612351,0.0656343,0.025864765,0.022888009,0.01612748,0.0724968,0.03317058,0.021341344,0.1895396,0.026890721,0.017694462,0.023295345,0.005577574,0.01061375,0.049008835,0.14467536,0.0078272205,0.061909847,0.03312981,0.053615756,0.0014421989,0.03850448,0.059350137,0.037279096,0.021273915,0.02174048,0.077858575,0.05615889,0.055407625,0.006208578,0.083537035,0.0035531125,0.022190714,0.020717805,0.053181082,0.022871109,0.020139,0.016238878,0.11509668,0.036895156,0.03492655,0.112764075,0.025790952,0.06065459,0.1367838,0.04217662,0.012830999,0.02188442,0.09038803,0.05655336,0.017864697,0.018527063,0.122769006,0.02916166,0.0052372697,0.009909032,0.021789446,0.029233048,0.032121465,0.01945203,0.029189399,0.067419246,0.10413472,0.051122572,0.018157097,0.16466433,0.021503916,0.030650118,0.056257997,0.056299828,0.01681041,0.0053220396,0.023771532,0.011298539,0.022353452,0.10604051,0.16536857,0.04140758,0.002001947,0.014085171,0.009009884,0.07965203,0.09286744,0.11329573,0.01607606,0.096326016,0.04786399,0.07644557,0.011487431,0.012049604,0.059467416,0.09376143,0.00010375085,0.121530525,0.005214931,0.02770355,0.0009365995,0.029532345,0.013342468
